ngo_id,need_categories,num_beneficiaries,description,location
N1,"Shelter,Health",395,"Supports 395 people in Shelter,Health",Mumbai
N2,"Food,Shelter",384,"Supports 384 people in Food,Shelter",Mumbai
N3,"Food,Education",99,"Supports 99 people in Food,Education",Kolkata
N4,"Shelter,Education",408,"Supports 408 people in Shelter,Education",Mumbai
N5,Food,325,Supports 325 people in Food,Delhi
N6,"Arts,Shelter",97,"Supports 97 people in Arts,Shelter",Mumbai
N7,Shelter,349,Supports 349 people in Shelter,Delhi
N8,"Food,Shelter",393,"Supports 393 people in Food,Shelter",Bangalore
N9,Health,154,Supports 154 people in Health,Delhi
N10,"Shelter,Education",151,"Supports 151 people in Shelter,Education",Mumbai
N11,"Arts,Education",281,"Supports 281 people in Arts,Education",Mumbai
N12,"Shelter,Health",133,"Supports 133 people in Shelter,Health",Kolkata
N13,"Arts,Education",403,"Supports 403 people in Arts,Education",Chennai
N14,"Education,Food",438,"Supports 438 people in Education,Food",Kolkata
N15,Education,482,Supports 482 people in Education,Mumbai
N16,"Education,Shelter",416,"Supports 416 people in Education,Shelter",Bangalore
N17,"Food,Education",394,"Supports 394 people in Food,Education",Delhi
N18,"Food,Education",314,"Supports 314 people in Food,Education",Delhi
N19,"Shelter,Education",265,"Supports 265 people in Shelter,Education",Delhi
N20,"Education,Shelter",238,"Supports 238 people in Education,Shelter",Delhi
N21,"Food,Health",379,"Supports 379 people in Food,Health",Bangalore
N22,Shelter,230,Supports 230 people in Shelter,Mumbai
N23,Arts,409,Supports 409 people in Arts,Mumbai
N24,Food,284,Supports 284 people in Food,Delhi
N25,"Health,Shelter",294,"Supports 294 people in Health,Shelter",Kolkata
N26,Education,162,Supports 162 people in Education,Chennai
N27,"Education,Health",334,"Supports 334 people in Education,Health",Kolkata
N28,Health,477,Supports 477 people in Health,Kolkata
N29,Shelter,323,Supports 323 people in Shelter,Kolkata
N30,"Education,Health",403,"Supports 403 people in Education,Health",Mumbai
N31,Arts,150,Supports 150 people in Arts,Mumbai
N32,"Food,Health",243,"Supports 243 people in Food,Health",Bangalore
N33,Health,402,Supports 402 people in Health,Bangalore
N34,Education,496,Supports 496 people in Education,Bangalore
N35,Shelter,454,Supports 454 people in Shelter,Mumbai
N36,Education,190,Supports 190 people in Education,Kolkata
N37,Health,500,Supports 500 people in Health,Bangalore
N38,"Education,Arts",486,"Supports 486 people in Education,Arts",Bangalore
N39,"Shelter,Food",261,"Supports 261 people in Shelter,Food",Bangalore
N40,"Food,Shelter",64,"Supports 64 people in Food,Shelter",Mumbai
N41,"Education,Food",363,"Supports 363 people in Education,Food",Kolkata
N42,Shelter,476,Supports 476 people in Shelter,Chennai
N43,"Health,Food",463,"Supports 463 people in Health,Food",Mumbai
N44,"Food,Shelter",65,"Supports 65 people in Food,Shelter",Bangalore
N45,Education,444,Supports 444 people in Education,Delhi
N46,Health,141,Supports 141 people in Health,Delhi
N47,"Health,Education",410,"Supports 410 people in Health,Education",Mumbai
N48,"Health,Shelter",188,"Supports 188 people in Health,Shelter",Delhi
N49,Education,277,Supports 277 people in Education,Delhi
N50,"Arts,Food",195,"Supports 195 people in Arts,Food",Chennai
N51,"Shelter,Education",142,"Supports 142 people in Shelter,Education",Mumbai
N52,"Shelter,Education",398,"Supports 398 people in Shelter,Education",Kolkata
N53,Arts,189,Supports 189 people in Arts,Kolkata
N54,Arts,191,Supports 191 people in Arts,Mumbai
N55,Shelter,71,Supports 71 people in Shelter,Mumbai
N56,Arts,204,Supports 204 people in Arts,Chennai
N57,"Arts,Shelter",77,"Supports 77 people in Arts,Shelter",Kolkata
N58,"Arts,Food",74,"Supports 74 people in Arts,Food",Bangalore
N59,"Food,Education",425,"Supports 425 people in Food,Education",Delhi
N60,"Health,Food",64,"Supports 64 people in Health,Food",Kolkata
N61,Shelter,401,Supports 401 people in Shelter,Mumbai
N62,"Health,Arts",336,"Supports 336 people in Health,Arts",Delhi
N63,Education,256,Supports 256 people in Education,Chennai
N64,"Health,Food",401,"Supports 401 people in Health,Food",Mumbai
N65,Food,133,Supports 133 people in Food,Bangalore
N66,Shelter,221,Supports 221 people in Shelter,Mumbai
N67,"Shelter,Food",267,"Supports 267 people in Shelter,Food",Kolkata
N68,Shelter,123,Supports 123 people in Shelter,Chennai
N69,Shelter,328,Supports 328 people in Shelter,Chennai
N70,"Education,Arts",487,"Supports 487 people in Education,Arts",Bangalore
N71,Arts,365,Supports 365 people in Arts,Kolkata
N72,Education,455,Supports 455 people in Education,Delhi
N73,Arts,408,Supports 408 people in Arts,Bangalore
N74,Health,397,Supports 397 people in Health,Delhi
N75,"Food,Education",436,"Supports 436 people in Food,Education",Delhi
N76,"Shelter,Food",385,"Supports 385 people in Shelter,Food",Delhi
N77,Education,101,Supports 101 people in Education,Bangalore
N78,"Shelter,Education",484,"Supports 484 people in Shelter,Education",Delhi
N79,"Shelter,Food",151,"Supports 151 people in Shelter,Food",Delhi
N80,Arts,112,Supports 112 people in Arts,Mumbai
N81,Shelter,450,Supports 450 people in Shelter,Mumbai
N82,Arts,306,Supports 306 people in Arts,Mumbai
N83,"Education,Shelter",144,"Supports 144 people in Education,Shelter",Chennai
N84,Arts,252,Supports 252 people in Arts,Mumbai
N85,"Arts,Education",477,"Supports 477 people in Arts,Education",Chennai
N86,"Education,Shelter",100,"Supports 100 people in Education,Shelter",Kolkata
N87,Shelter,127,Supports 127 people in Shelter,Mumbai
N88,"Food,Health",353,"Supports 353 people in Food,Health",Mumbai
N89,Food,155,Supports 155 people in Food,Mumbai
N90,Food,412,Supports 412 people in Food,Bangalore
N91,Food,441,Supports 441 people in Food,Delhi
N92,"Food,Shelter",213,"Supports 213 people in Food,Shelter",Delhi
N93,Shelter,162,Supports 162 people in Shelter,Chennai
N94,"Education,Arts",206,"Supports 206 people in Education,Arts",Bangalore
N95,"Shelter,Health",237,"Supports 237 people in Shelter,Health",Bangalore
N96,Shelter,260,Supports 260 people in Shelter,Mumbai
N97,"Health,Food",157,"Supports 157 people in Health,Food",Bangalore
N98,"Arts,Food",325,"Supports 325 people in Arts,Food",Chennai
N99,Shelter,444,Supports 444 people in Shelter,Kolkata
N100,"Health,Food",366,"Supports 366 people in Health,Food",Delhi
N101,Health,174,Supports 174 people in Health,Bangalore
N102,Arts,500,Supports 500 people in Arts,Kolkata
N103,Arts,232,Supports 232 people in Arts,Mumbai
N104,"Arts,Education",62,"Supports 62 people in Arts,Education",Kolkata
N105,Health,208,Supports 208 people in Health,Kolkata
N106,Education,105,Supports 105 people in Education,Mumbai
N107,"Education,Health",420,"Supports 420 people in Education,Health",Chennai
N108,Education,404,Supports 404 people in Education,Chennai
N109,Food,111,Supports 111 people in Food,Delhi
N110,Food,96,Supports 96 people in Food,Kolkata
N111,"Food,Health",77,"Supports 77 people in Food,Health",Delhi
N112,"Food,Health",151,"Supports 151 people in Food,Health",Chennai
N113,Education,236,Supports 236 people in Education,Kolkata
N114,"Food,Health",156,"Supports 156 people in Food,Health",Bangalore
N115,Shelter,147,Supports 147 people in Shelter,Mumbai
N116,"Arts,Food",484,"Supports 484 people in Arts,Food",Bangalore
N117,Food,385,Supports 385 people in Food,Bangalore
N118,Arts,482,Supports 482 people in Arts,Bangalore
N119,"Food,Shelter",347,"Supports 347 people in Food,Shelter",Kolkata
N120,"Shelter,Health",84,"Supports 84 people in Shelter,Health",Mumbai
N121,Shelter,153,Supports 153 people in Shelter,Kolkata
N122,"Education,Health",53,"Supports 53 people in Education,Health",Delhi
N123,Food,202,Supports 202 people in Food,Mumbai
N124,Shelter,382,Supports 382 people in Shelter,Kolkata
N125,Arts,239,Supports 239 people in Arts,Kolkata
N126,Education,117,Supports 117 people in Education,Kolkata
N127,Shelter,251,Supports 251 people in Shelter,Chennai
N128,Food,89,Supports 89 people in Food,Delhi
N129,"Arts,Health",278,"Supports 278 people in Arts,Health",Delhi
N130,"Food,Shelter",276,"Supports 276 people in Food,Shelter",Mumbai
N131,Food,373,Supports 373 people in Food,Kolkata
N132,Health,417,Supports 417 people in Health,Chennai
N133,"Health,Education",225,"Supports 225 people in Health,Education",Mumbai
N134,Shelter,482,Supports 482 people in Shelter,Kolkata
N135,"Health,Education",496,"Supports 496 people in Health,Education",Mumbai
N136,Food,289,Supports 289 people in Food,Kolkata
N137,Shelter,469,Supports 469 people in Shelter,Chennai
N138,"Health,Food",73,"Supports 73 people in Health,Food",Delhi
N139,"Shelter,Education",102,"Supports 102 people in Shelter,Education",Mumbai
N140,Shelter,90,Supports 90 people in Shelter,Bangalore
N141,"Education,Food",224,"Supports 224 people in Education,Food",Mumbai
N142,"Arts,Education",275,"Supports 275 people in Arts,Education",Delhi
N143,Shelter,95,Supports 95 people in Shelter,Chennai
N144,Shelter,387,Supports 387 people in Shelter,Kolkata
N145,"Health,Arts",58,"Supports 58 people in Health,Arts",Bangalore
N146,Arts,305,Supports 305 people in Arts,Kolkata
N147,Food,442,Supports 442 people in Food,Chennai
N148,Arts,151,Supports 151 people in Arts,Delhi
N149,"Shelter,Health",159,"Supports 159 people in Shelter,Health",Chennai
N150,Health,444,Supports 444 people in Health,Bangalore
N151,Food,132,Supports 132 people in Food,Mumbai
N152,Education,294,Supports 294 people in Education,Delhi
N153,Arts,308,Supports 308 people in Arts,Delhi
N154,Shelter,415,Supports 415 people in Shelter,Delhi
N155,Food,316,Supports 316 people in Food,Chennai
N156,"Food,Arts",144,"Supports 144 people in Food,Arts",Mumbai
N157,Education,448,Supports 448 people in Education,Delhi
N158,"Education,Shelter",239,"Supports 239 people in Education,Shelter",Kolkata
N159,Shelter,284,Supports 284 people in Shelter,Mumbai
N160,Shelter,127,Supports 127 people in Shelter,Mumbai
N161,"Health,Education",393,"Supports 393 people in Health,Education",Mumbai
N162,"Education,Arts",262,"Supports 262 people in Education,Arts",Chennai
N163,"Health,Arts",112,"Supports 112 people in Health,Arts",Mumbai
N164,"Education,Arts",291,"Supports 291 people in Education,Arts",Mumbai
N165,Education,193,Supports 193 people in Education,Delhi
N166,"Education,Arts",344,"Supports 344 people in Education,Arts",Mumbai
N167,"Arts,Health",131,"Supports 131 people in Arts,Health",Chennai
N168,"Arts,Food",289,"Supports 289 people in Arts,Food",Mumbai
N169,"Health,Shelter",358,"Supports 358 people in Health,Shelter",Chennai
N170,Food,233,Supports 233 people in Food,Mumbai
N171,"Health,Food",499,"Supports 499 people in Health,Food",Bangalore
N172,Arts,102,Supports 102 people in Arts,Mumbai
N173,"Food,Education",141,"Supports 141 people in Food,Education",Chennai
N174,Education,271,Supports 271 people in Education,Chennai
N175,Education,260,Supports 260 people in Education,Mumbai
N176,"Education,Arts",481,"Supports 481 people in Education,Arts",Chennai
N177,Education,89,Supports 89 people in Education,Chennai
N178,"Health,Food",269,"Supports 269 people in Health,Food",Chennai
N179,Education,359,Supports 359 people in Education,Delhi
N180,Health,386,Supports 386 people in Health,Bangalore
N181,"Food,Education",188,"Supports 188 people in Food,Education",Mumbai
N182,"Health,Arts",314,"Supports 314 people in Health,Arts",Delhi
N183,Food,167,Supports 167 people in Food,Chennai
N184,Shelter,336,Supports 336 people in Shelter,Mumbai
N185,Food,63,Supports 63 people in Food,Delhi
N186,"Shelter,Arts",193,"Supports 193 people in Shelter,Arts",Bangalore
N187,Arts,125,Supports 125 people in Arts,Bangalore
N188,Shelter,336,Supports 336 people in Shelter,Bangalore
N189,Food,452,Supports 452 people in Food,Kolkata
N190,"Food,Health",154,"Supports 154 people in Food,Health",Bangalore
N191,"Food,Education",228,"Supports 228 people in Food,Education",Chennai
N192,Food,159,Supports 159 people in Food,Kolkata
N193,Arts,121,Supports 121 people in Arts,Mumbai
N194,Food,475,Supports 475 people in Food,Bangalore
N195,"Shelter,Health",121,"Supports 121 people in Shelter,Health",Delhi
N196,Arts,318,Supports 318 people in Arts,Bangalore
N197,"Education,Arts",105,"Supports 105 people in Education,Arts",Delhi
N198,Shelter,400,Supports 400 people in Shelter,Delhi
N199,Shelter,59,Supports 59 people in Shelter,Delhi
N200,"Health,Education",189,"Supports 189 people in Health,Education",Mumbai
N201,"Education,Shelter",457,"Supports 457 people in Education,Shelter",Bangalore
N202,Education,409,Supports 409 people in Education,Chennai
N203,Arts,74,Supports 74 people in Arts,Mumbai
N204,"Education,Shelter",446,"Supports 446 people in Education,Shelter",Mumbai
N205,Food,353,Supports 353 people in Food,Delhi
N206,"Education,Health",489,"Supports 489 people in Education,Health",Mumbai
N207,"Health,Shelter",240,"Supports 240 people in Health,Shelter",Delhi
N208,"Health,Food",150,"Supports 150 people in Health,Food",Mumbai
N209,Arts,393,Supports 393 people in Arts,Mumbai
N210,Food,255,Supports 255 people in Food,Mumbai
N211,Education,137,Supports 137 people in Education,Bangalore
N212,Shelter,162,Supports 162 people in Shelter,Kolkata
N213,"Food,Arts",230,"Supports 230 people in Food,Arts",Delhi
N214,Health,390,Supports 390 people in Health,Kolkata
N215,"Food,Arts",465,"Supports 465 people in Food,Arts",Bangalore
N216,"Shelter,Food",291,"Supports 291 people in Shelter,Food",Chennai
N217,Education,398,Supports 398 people in Education,Chennai
N218,"Arts,Shelter",247,"Supports 247 people in Arts,Shelter",Kolkata
N219,"Arts,Shelter",59,"Supports 59 people in Arts,Shelter",Bangalore
N220,"Education,Health",65,"Supports 65 people in Education,Health",Kolkata
N221,"Arts,Education",361,"Supports 361 people in Arts,Education",Mumbai
N222,"Food,Shelter",267,"Supports 267 people in Food,Shelter",Chennai
N223,"Food,Health",356,"Supports 356 people in Food,Health",Bangalore
N224,Arts,272,Supports 272 people in Arts,Kolkata
N225,"Health,Food",204,"Supports 204 people in Health,Food",Mumbai
N226,Arts,115,Supports 115 people in Arts,Chennai
N227,Arts,452,Supports 452 people in Arts,Kolkata
N228,Food,219,Supports 219 people in Food,Kolkata
N229,Arts,262,Supports 262 people in Arts,Bangalore
N230,"Food,Shelter",282,"Supports 282 people in Food,Shelter",Mumbai
N231,Food,353,Supports 353 people in Food,Bangalore
N232,"Shelter,Education",367,"Supports 367 people in Shelter,Education",Bangalore
N233,"Food,Shelter",486,"Supports 486 people in Food,Shelter",Delhi
N234,"Shelter,Education",229,"Supports 229 people in Shelter,Education",Kolkata
N235,"Food,Health",65,"Supports 65 people in Food,Health",Bangalore
N236,"Arts,Education",58,"Supports 58 people in Arts,Education",Chennai
N237,"Arts,Health",241,"Supports 241 people in Arts,Health",Chennai
N238,"Arts,Food",368,"Supports 368 people in Arts,Food",Bangalore
N239,Education,325,Supports 325 people in Education,Kolkata
N240,Health,246,Supports 246 people in Health,Mumbai
N241,"Shelter,Arts",249,"Supports 249 people in Shelter,Arts",Mumbai
N242,Education,296,Supports 296 people in Education,Delhi
N243,Education,158,Supports 158 people in Education,Chennai
N244,"Arts,Education",312,"Supports 312 people in Arts,Education",Bangalore
N245,"Education,Arts",265,"Supports 265 people in Education,Arts",Chennai
N246,"Arts,Food",211,"Supports 211 people in Arts,Food",Kolkata
N247,"Education,Shelter",328,"Supports 328 people in Education,Shelter",Delhi
N248,"Food,Health",362,"Supports 362 people in Food,Health",Mumbai
N249,Health,451,Supports 451 people in Health,Delhi
N250,Food,62,Supports 62 people in Food,Bangalore
N251,"Shelter,Food",334,"Supports 334 people in Shelter,Food",Bangalore
N252,"Shelter,Health",52,"Supports 52 people in Shelter,Health",Bangalore
N253,Food,494,Supports 494 people in Food,Mumbai
N254,Health,248,Supports 248 people in Health,Bangalore
N255,"Education,Arts",250,"Supports 250 people in Education,Arts",Chennai
N256,Education,262,Supports 262 people in Education,Mumbai
N257,"Health,Education",81,"Supports 81 people in Health,Education",Bangalore
N258,Health,453,Supports 453 people in Health,Delhi
N259,Food,311,Supports 311 people in Food,Bangalore
N260,Health,340,Supports 340 people in Health,Delhi
N261,Shelter,214,Supports 214 people in Shelter,Kolkata
N262,"Shelter,Health",202,"Supports 202 people in Shelter,Health",Mumbai
N263,Health,57,Supports 57 people in Health,Kolkata
N264,Education,402,Supports 402 people in Education,Delhi
N265,"Education,Shelter",114,"Supports 114 people in Education,Shelter",Mumbai
N266,"Education,Shelter",182,"Supports 182 people in Education,Shelter",Kolkata
N267,Food,186,Supports 186 people in Food,Chennai
N268,Shelter,125,Supports 125 people in Shelter,Kolkata
N269,"Education,Arts",104,"Supports 104 people in Education,Arts",Kolkata
N270,Arts,225,Supports 225 people in Arts,Mumbai
N271,"Education,Shelter",335,"Supports 335 people in Education,Shelter",Kolkata
N272,Education,138,Supports 138 people in Education,Chennai
N273,Education,115,Supports 115 people in Education,Bangalore
N274,Arts,303,Supports 303 people in Arts,Delhi
N275,"Food,Education",140,"Supports 140 people in Food,Education",Kolkata
N276,"Shelter,Health",376,"Supports 376 people in Shelter,Health",Mumbai
N277,"Arts,Food",435,"Supports 435 people in Arts,Food",Kolkata
N278,Arts,98,Supports 98 people in Arts,Mumbai
N279,"Education,Health",429,"Supports 429 people in Education,Health",Chennai
N280,"Arts,Food",216,"Supports 216 people in Arts,Food",Chennai
N281,Education,97,Supports 97 people in Education,Kolkata
N282,"Shelter,Food",180,"Supports 180 people in Shelter,Food",Chennai
N283,"Food,Arts",364,"Supports 364 people in Food,Arts",Kolkata
N284,"Food,Arts",99,"Supports 99 people in Food,Arts",Delhi
N285,"Food,Shelter",238,"Supports 238 people in Food,Shelter",Bangalore
N286,"Shelter,Education",399,"Supports 399 people in Shelter,Education",Kolkata
N287,Shelter,220,Supports 220 people in Shelter,Kolkata
N288,"Health,Education",300,"Supports 300 people in Health,Education",Delhi
N289,"Food,Arts",59,"Supports 59 people in Food,Arts",Chennai
N290,Shelter,475,Supports 475 people in Shelter,Chennai
N291,"Arts,Shelter",359,"Supports 359 people in Arts,Shelter",Delhi
N292,"Arts,Shelter",427,"Supports 427 people in Arts,Shelter",Chennai
N293,"Food,Education",296,"Supports 296 people in Food,Education",Chennai
N294,"Arts,Education",281,"Supports 281 people in Arts,Education",Bangalore
N295,"Health,Education",60,"Supports 60 people in Health,Education",Chennai
N296,"Food,Education",423,"Supports 423 people in Food,Education",Bangalore
N297,Shelter,196,Supports 196 people in Shelter,Bangalore
N298,"Arts,Health",66,"Supports 66 people in Arts,Health",Chennai
N299,Arts,124,Supports 124 people in Arts,Kolkata
N300,"Arts,Food",109,"Supports 109 people in Arts,Food",Bangalore
N301,Health,296,Supports 296 people in Health,Bangalore
N302,Education,447,Supports 447 people in Education,Bangalore
N303,"Arts,Education",102,"Supports 102 people in Arts,Education",Chennai
N304,"Shelter,Food",241,"Supports 241 people in Shelter,Food",Bangalore
N305,"Shelter,Health",369,"Supports 369 people in Shelter,Health",Chennai
N306,"Shelter,Arts",163,"Supports 163 people in Shelter,Arts",Kolkata
N307,Education,292,Supports 292 people in Education,Bangalore
N308,Arts,168,Supports 168 people in Arts,Kolkata
N309,Arts,417,Supports 417 people in Arts,Chennai
N310,Education,266,Supports 266 people in Education,Kolkata
N311,Arts,452,Supports 452 people in Arts,Chennai
N312,Health,439,Supports 439 people in Health,Mumbai
N313,Arts,450,Supports 450 people in Arts,Kolkata
N314,"Health,Education",331,"Supports 331 people in Health,Education",Delhi
N315,Arts,162,Supports 162 people in Arts,Chennai
N316,"Health,Education",252,"Supports 252 people in Health,Education",Delhi
N317,"Arts,Education",107,"Supports 107 people in Arts,Education",Chennai
N318,Food,380,Supports 380 people in Food,Mumbai
N319,Health,206,Supports 206 people in Health,Chennai
N320,Shelter,249,Supports 249 people in Shelter,Chennai
N321,"Health,Education",428,"Supports 428 people in Health,Education",Kolkata
N322,Shelter,333,Supports 333 people in Shelter,Bangalore
N323,"Health,Arts",270,"Supports 270 people in Health,Arts",Delhi
N324,"Shelter,Health",451,"Supports 451 people in Shelter,Health",Bangalore
N325,Arts,493,Supports 493 people in Arts,Bangalore
N326,Education,152,Supports 152 people in Education,Mumbai
N327,"Arts,Health",397,"Supports 397 people in Arts,Health",Kolkata
N328,"Health,Arts",318,"Supports 318 people in Health,Arts",Kolkata
N329,"Food,Education",146,"Supports 146 people in Food,Education",Bangalore
N330,"Education,Arts",119,"Supports 119 people in Education,Arts",Chennai
N331,Shelter,234,Supports 234 people in Shelter,Bangalore
N332,"Shelter,Health",344,"Supports 344 people in Shelter,Health",Chennai
N333,"Education,Shelter",353,"Supports 353 people in Education,Shelter",Chennai
N334,Shelter,297,Supports 297 people in Shelter,Kolkata
N335,"Arts,Education",302,"Supports 302 people in Arts,Education",Kolkata
N336,"Health,Education",338,"Supports 338 people in Health,Education",Chennai
N337,"Shelter,Health",145,"Supports 145 people in Shelter,Health",Chennai
N338,"Shelter,Food",416,"Supports 416 people in Shelter,Food",Delhi
N339,Education,258,Supports 258 people in Education,Bangalore
N340,Shelter,146,Supports 146 people in Shelter,Bangalore
N341,Food,486,Supports 486 people in Food,Kolkata
N342,Health,160,Supports 160 people in Health,Bangalore
N343,Food,270,Supports 270 people in Food,Kolkata
N344,Shelter,363,Supports 363 people in Shelter,Kolkata
N345,"Food,Arts",413,"Supports 413 people in Food,Arts",Bangalore
N346,Shelter,330,Supports 330 people in Shelter,Mumbai
N347,Arts,79,Supports 79 people in Arts,Mumbai
N348,Food,172,Supports 172 people in Food,Delhi
N349,"Shelter,Education",64,"Supports 64 people in Shelter,Education",Bangalore
N350,"Arts,Health",404,"Supports 404 people in Arts,Health",Bangalore
N351,"Arts,Shelter",338,"Supports 338 people in Arts,Shelter",Mumbai
N352,"Arts,Shelter",441,"Supports 441 people in Arts,Shelter",Kolkata
N353,"Shelter,Education",63,"Supports 63 people in Shelter,Education",Mumbai
N354,"Food,Shelter",292,"Supports 292 people in Food,Shelter",Bangalore
N355,Food,298,Supports 298 people in Food,Kolkata
N356,Health,346,Supports 346 people in Health,Chennai
N357,Health,276,Supports 276 people in Health,Kolkata
N358,"Food,Arts",274,"Supports 274 people in Food,Arts",Mumbai
N359,"Arts,Shelter",405,"Supports 405 people in Arts,Shelter",Mumbai
N360,"Education,Health",105,"Supports 105 people in Education,Health",Delhi
N361,Arts,418,Supports 418 people in Arts,Chennai
N362,Education,323,Supports 323 people in Education,Mumbai
N363,"Food,Shelter",451,"Supports 451 people in Food,Shelter",Delhi
N364,"Education,Food",254,"Supports 254 people in Education,Food",Mumbai
N365,Arts,174,Supports 174 people in Arts,Mumbai
N366,Education,221,Supports 221 people in Education,Kolkata
N367,"Shelter,Health",268,"Supports 268 people in Shelter,Health",Bangalore
N368,Arts,429,Supports 429 people in Arts,Kolkata
N369,Health,185,Supports 185 people in Health,Kolkata
N370,"Arts,Education",270,"Supports 270 people in Arts,Education",Kolkata
N371,"Food,Shelter",188,"Supports 188 people in Food,Shelter",Delhi
N372,"Education,Shelter",491,"Supports 491 people in Education,Shelter",Kolkata
N373,Food,435,Supports 435 people in Food,Mumbai
N374,"Health,Education",109,"Supports 109 people in Health,Education",Delhi
N375,Education,307,Supports 307 people in Education,Bangalore
N376,"Shelter,Food",71,"Supports 71 people in Shelter,Food",Delhi
N377,"Education,Food",136,"Supports 136 people in Education,Food",Mumbai
N378,"Health,Arts",442,"Supports 442 people in Health,Arts",Bangalore
N379,Food,396,Supports 396 people in Food,Chennai
N380,Education,430,Supports 430 people in Education,Kolkata
N381,Education,309,Supports 309 people in Education,Mumbai
N382,"Shelter,Health",115,"Supports 115 people in Shelter,Health",Kolkata
N383,Arts,141,Supports 141 people in Arts,Bangalore
N384,Shelter,488,Supports 488 people in Shelter,Mumbai
N385,"Food,Arts",217,"Supports 217 people in Food,Arts",Bangalore
N386,Education,419,Supports 419 people in Education,Mumbai
N387,"Health,Food",199,"Supports 199 people in Health,Food",Chennai
N388,"Arts,Health",222,"Supports 222 people in Arts,Health",Mumbai
N389,Health,424,Supports 424 people in Health,Mumbai
N390,Arts,195,Supports 195 people in Arts,Kolkata
N391,"Food,Education",470,"Supports 470 people in Food,Education",Chennai
N392,Arts,347,Supports 347 people in Arts,Kolkata
N393,"Health,Shelter",319,"Supports 319 people in Health,Shelter",Bangalore
N394,Health,58,Supports 58 people in Health,Chennai
N395,Food,329,Supports 329 people in Food,Kolkata
N396,Education,69,Supports 69 people in Education,Mumbai
N397,"Health,Education",192,"Supports 192 people in Health,Education",Kolkata
N398,Arts,466,Supports 466 people in Arts,Bangalore
N399,Shelter,380,Supports 380 people in Shelter,Delhi
N400,"Education,Arts",420,"Supports 420 people in Education,Arts",Chennai
N401,"Education,Food",139,"Supports 139 people in Education,Food",Chennai
N402,"Arts,Food",408,"Supports 408 people in Arts,Food",Delhi
N403,"Education,Health",105,"Supports 105 people in Education,Health",Bangalore
N404,Education,62,Supports 62 people in Education,Kolkata
N405,"Food,Shelter",206,"Supports 206 people in Food,Shelter",Kolkata
N406,Education,250,Supports 250 people in Education,Kolkata
N407,Food,278,Supports 278 people in Food,Delhi
N408,"Arts,Education",495,"Supports 495 people in Arts,Education",Kolkata
N409,Arts,373,Supports 373 people in Arts,Chennai
N410,"Education,Food",129,"Supports 129 people in Education,Food",Bangalore
N411,"Food,Shelter",488,"Supports 488 people in Food,Shelter",Bangalore
N412,"Arts,Health",425,"Supports 425 people in Arts,Health",Bangalore
N413,Health,181,Supports 181 people in Health,Kolkata
N414,"Food,Education",313,"Supports 313 people in Food,Education",Chennai
N415,Health,376,Supports 376 people in Health,Delhi
N416,Health,228,Supports 228 people in Health,Mumbai
N417,"Health,Arts",161,"Supports 161 people in Health,Arts",Mumbai
N418,"Food,Education",253,"Supports 253 people in Food,Education",Mumbai
N419,Arts,467,Supports 467 people in Arts,Kolkata
N420,"Arts,Food",304,"Supports 304 people in Arts,Food",Kolkata
N421,"Food,Arts",340,"Supports 340 people in Food,Arts",Bangalore
N422,"Shelter,Arts",453,"Supports 453 people in Shelter,Arts",Bangalore
N423,Education,416,Supports 416 people in Education,Chennai
N424,"Education,Arts",65,"Supports 65 people in Education,Arts",Bangalore
N425,Food,341,Supports 341 people in Food,Chennai
N426,"Food,Shelter",489,"Supports 489 people in Food,Shelter",Chennai
N427,Education,330,Supports 330 people in Education,Kolkata
N428,Shelter,249,Supports 249 people in Shelter,Delhi
N429,"Arts,Education",395,"Supports 395 people in Arts,Education",Delhi
N430,Arts,387,Supports 387 people in Arts,Mumbai
N431,"Education,Shelter",424,"Supports 424 people in Education,Shelter",Delhi
N432,"Food,Shelter",485,"Supports 485 people in Food,Shelter",Kolkata
N433,"Education,Health",334,"Supports 334 people in Education,Health",Delhi
N434,Shelter,190,Supports 190 people in Shelter,Chennai
N435,Food,180,Supports 180 people in Food,Mumbai
N436,Arts,437,Supports 437 people in Arts,Mumbai
N437,"Education,Health",189,"Supports 189 people in Education,Health",Chennai
N438,Health,269,Supports 269 people in Health,Delhi
N439,Food,423,Supports 423 people in Food,Chennai
N440,Education,179,Supports 179 people in Education,Mumbai
N441,"Education,Health",205,"Supports 205 people in Education,Health",Kolkata
N442,"Arts,Shelter",154,"Supports 154 people in Arts,Shelter",Delhi
N443,Arts,372,Supports 372 people in Arts,Mumbai
N444,"Education,Arts",114,"Supports 114 people in Education,Arts",Chennai
N445,"Food,Arts",173,"Supports 173 people in Food,Arts",Delhi
N446,"Arts,Education",421,"Supports 421 people in Arts,Education",Kolkata
N447,"Shelter,Health",172,"Supports 172 people in Shelter,Health",Kolkata
N448,"Food,Shelter",410,"Supports 410 people in Food,Shelter",Mumbai
N449,Shelter,268,Supports 268 people in Shelter,Mumbai
N450,Education,235,Supports 235 people in Education,Delhi
N451,"Shelter,Arts",471,"Supports 471 people in Shelter,Arts",Delhi
N452,Shelter,218,Supports 218 people in Shelter,Mumbai
N453,Food,342,Supports 342 people in Food,Delhi
N454,Food,357,Supports 357 people in Food,Bangalore
N455,"Health,Education",379,"Supports 379 people in Health,Education",Chennai
N456,Food,475,Supports 475 people in Food,Kolkata
N457,"Education,Arts",309,"Supports 309 people in Education,Arts",Kolkata
N458,Education,175,Supports 175 people in Education,Bangalore
N459,"Shelter,Health",220,"Supports 220 people in Shelter,Health",Kolkata
N460,Arts,336,Supports 336 people in Arts,Chennai
N461,Arts,69,Supports 69 people in Arts,Mumbai
N462,Arts,155,Supports 155 people in Arts,Bangalore
N463,Shelter,474,Supports 474 people in Shelter,Chennai
N464,Shelter,93,Supports 93 people in Shelter,Mumbai
N465,Health,202,Supports 202 people in Health,Delhi
N466,"Food,Health",79,"Supports 79 people in Food,Health",Chennai
N467,"Health,Shelter",421,"Supports 421 people in Health,Shelter",Bangalore
N468,"Health,Food",69,"Supports 69 people in Health,Food",Mumbai
N469,Education,331,Supports 331 people in Education,Kolkata
N470,Education,339,Supports 339 people in Education,Delhi
N471,Health,65,Supports 65 people in Health,Mumbai
N472,Health,119,Supports 119 people in Health,Kolkata
N473,"Arts,Food",424,"Supports 424 people in Arts,Food",Bangalore
N474,Health,266,Supports 266 people in Health,Chennai
N475,"Food,Shelter",127,"Supports 127 people in Food,Shelter",Bangalore
N476,"Arts,Health",87,"Supports 87 people in Arts,Health",Chennai
N477,"Arts,Food",393,"Supports 393 people in Arts,Food",Bangalore
N478,Arts,216,Supports 216 people in Arts,Chennai
N479,"Shelter,Food",59,"Supports 59 people in Shelter,Food",Chennai
N480,"Arts,Education",406,"Supports 406 people in Arts,Education",Chennai
N481,"Education,Food",433,"Supports 433 people in Education,Food",Bangalore
N482,Arts,114,Supports 114 people in Arts,Delhi
N483,"Shelter,Arts",396,"Supports 396 people in Shelter,Arts",Delhi
N484,Arts,383,Supports 383 people in Arts,Delhi
N485,Shelter,124,Supports 124 people in Shelter,Bangalore
N486,"Arts,Health",233,"Supports 233 people in Arts,Health",Mumbai
N487,Arts,204,Supports 204 people in Arts,Chennai
N488,Shelter,423,Supports 423 people in Shelter,Chennai
N489,"Arts,Shelter",285,"Supports 285 people in Arts,Shelter",Mumbai
N490,"Shelter,Health",133,"Supports 133 people in Shelter,Health",Delhi
N491,"Shelter,Food",74,"Supports 74 people in Shelter,Food",Chennai
N492,Shelter,447,Supports 447 people in Shelter,Chennai
N493,Education,355,Supports 355 people in Education,Mumbai
N494,"Health,Food",234,"Supports 234 people in Health,Food",Bangalore
N495,"Shelter,Education",188,"Supports 188 people in Shelter,Education",Mumbai
N496,Food,210,Supports 210 people in Food,Chennai
N497,"Food,Arts",97,"Supports 97 people in Food,Arts",Mumbai
N498,"Food,Education",101,"Supports 101 people in Food,Education",Chennai
N499,Health,334,Supports 334 people in Health,Mumbai
N500,Education,307,Supports 307 people in Education,Delhi
N501,"Food,Education",238,"Supports 238 people in Food,Education",Bangalore
N502,Food,154,Supports 154 people in Food,Chennai
N503,Shelter,254,Supports 254 people in Shelter,Mumbai
N504,"Arts,Food",52,"Supports 52 people in Arts,Food",Kolkata
N505,Food,448,Supports 448 people in Food,Delhi
N506,"Arts,Education",204,"Supports 204 people in Arts,Education",Kolkata
N507,Health,133,Supports 133 people in Health,Bangalore
N508,Health,243,Supports 243 people in Health,Bangalore
N509,"Education,Food",362,"Supports 362 people in Education,Food",Mumbai
N510,"Shelter,Arts",289,"Supports 289 people in Shelter,Arts",Chennai
N511,"Shelter,Arts",56,"Supports 56 people in Shelter,Arts",Bangalore
N512,"Health,Arts",393,"Supports 393 people in Health,Arts",Chennai
N513,"Health,Food",119,"Supports 119 people in Health,Food",Chennai
N514,"Arts,Shelter",93,"Supports 93 people in Arts,Shelter",Bangalore
N515,Education,386,Supports 386 people in Education,Mumbai
N516,"Education,Health",160,"Supports 160 people in Education,Health",Delhi
N517,"Arts,Food",341,"Supports 341 people in Arts,Food",Bangalore
N518,"Shelter,Education",121,"Supports 121 people in Shelter,Education",Delhi
N519,"Education,Health",106,"Supports 106 people in Education,Health",Delhi
N520,"Health,Shelter",60,"Supports 60 people in Health,Shelter",Mumbai
N521,Arts,322,Supports 322 people in Arts,Mumbai
N522,Shelter,81,Supports 81 people in Shelter,Chennai
N523,Health,286,Supports 286 people in Health,Chennai
N524,"Food,Arts",464,"Supports 464 people in Food,Arts",Kolkata
N525,Health,297,Supports 297 people in Health,Chennai
N526,"Education,Arts",72,"Supports 72 people in Education,Arts",Kolkata
N527,"Arts,Education",349,"Supports 349 people in Arts,Education",Bangalore
N528,"Health,Arts",51,"Supports 51 people in Health,Arts",Delhi
N529,Shelter,130,Supports 130 people in Shelter,Delhi
N530,"Food,Arts",410,"Supports 410 people in Food,Arts",Mumbai
N531,Health,332,Supports 332 people in Health,Mumbai
N532,"Arts,Food",190,"Supports 190 people in Arts,Food",Kolkata
N533,"Food,Shelter",407,"Supports 407 people in Food,Shelter",Delhi
N534,Shelter,440,Supports 440 people in Shelter,Kolkata
N535,"Food,Health",218,"Supports 218 people in Food,Health",Delhi
N536,"Arts,Food",91,"Supports 91 people in Arts,Food",Bangalore
N537,Health,334,Supports 334 people in Health,Delhi
N538,Health,107,Supports 107 people in Health,Bangalore
N539,Arts,205,Supports 205 people in Arts,Chennai
N540,Health,408,Supports 408 people in Health,Delhi
N541,Education,337,Supports 337 people in Education,Kolkata
N542,Shelter,89,Supports 89 people in Shelter,Kolkata
N543,Shelter,282,Supports 282 people in Shelter,Chennai
N544,Shelter,300,Supports 300 people in Shelter,Bangalore
N545,"Shelter,Food",108,"Supports 108 people in Shelter,Food",Chennai
N546,Education,333,Supports 333 people in Education,Mumbai
N547,"Health,Education",162,"Supports 162 people in Health,Education",Chennai
N548,"Arts,Education",338,"Supports 338 people in Arts,Education",Kolkata
N549,Food,292,Supports 292 people in Food,Chennai
N550,Health,308,Supports 308 people in Health,Bangalore
N551,"Food,Education",250,"Supports 250 people in Food,Education",Mumbai
N552,Food,349,Supports 349 people in Food,Kolkata
N553,"Education,Food",431,"Supports 431 people in Education,Food",Chennai
N554,"Arts,Food",127,"Supports 127 people in Arts,Food",Delhi
N555,"Health,Education",269,"Supports 269 people in Health,Education",Bangalore
N556,"Health,Education",418,"Supports 418 people in Health,Education",Chennai
N557,"Health,Arts",315,"Supports 315 people in Health,Arts",Delhi
N558,"Education,Shelter",500,"Supports 500 people in Education,Shelter",Chennai
N559,Shelter,452,Supports 452 people in Shelter,Mumbai
N560,Health,86,Supports 86 people in Health,Delhi
N561,Health,484,Supports 484 people in Health,Delhi
N562,"Education,Shelter",150,"Supports 150 people in Education,Shelter",Chennai
N563,Education,179,Supports 179 people in Education,Chennai
N564,Food,277,Supports 277 people in Food,Bangalore
N565,Health,141,Supports 141 people in Health,Kolkata
N566,"Arts,Health",68,"Supports 68 people in Arts,Health",Kolkata
N567,Shelter,476,Supports 476 people in Shelter,Bangalore
N568,"Education,Arts",487,"Supports 487 people in Education,Arts",Chennai
N569,"Education,Arts",319,"Supports 319 people in Education,Arts",Bangalore
N570,"Food,Education",199,"Supports 199 people in Food,Education",Chennai
N571,Health,420,Supports 420 people in Health,Mumbai
N572,"Education,Health",258,"Supports 258 people in Education,Health",Mumbai
N573,"Health,Arts",308,"Supports 308 people in Health,Arts",Kolkata
N574,Arts,473,Supports 473 people in Arts,Kolkata
N575,"Health,Shelter",307,"Supports 307 people in Health,Shelter",Delhi
N576,"Arts,Education",137,"Supports 137 people in Arts,Education",Bangalore
N577,Health,417,Supports 417 people in Health,Delhi
N578,"Health,Food",201,"Supports 201 people in Health,Food",Mumbai
N579,"Education,Shelter",459,"Supports 459 people in Education,Shelter",Mumbai
N580,Food,253,Supports 253 people in Food,Mumbai
N581,Shelter,164,Supports 164 people in Shelter,Delhi
N582,Shelter,337,Supports 337 people in Shelter,Kolkata
N583,Food,192,Supports 192 people in Food,Kolkata
N584,Shelter,318,Supports 318 people in Shelter,Bangalore
N585,Food,479,Supports 479 people in Food,Chennai
N586,Education,389,Supports 389 people in Education,Delhi
N587,"Health,Arts",246,"Supports 246 people in Health,Arts",Mumbai
N588,"Shelter,Arts",155,"Supports 155 people in Shelter,Arts",Kolkata
N589,"Education,Food",133,"Supports 133 people in Education,Food",Kolkata
N590,"Food,Education",349,"Supports 349 people in Food,Education",Mumbai
N591,Education,243,Supports 243 people in Education,Kolkata
N592,Food,207,Supports 207 people in Food,Kolkata
N593,Food,243,Supports 243 people in Food,Mumbai
N594,Education,390,Supports 390 people in Education,Bangalore
N595,"Health,Education",259,"Supports 259 people in Health,Education",Chennai
N596,Shelter,176,Supports 176 people in Shelter,Delhi
N597,"Food,Education",101,"Supports 101 people in Food,Education",Delhi
N598,Health,384,Supports 384 people in Health,Mumbai
N599,"Food,Shelter",77,"Supports 77 people in Food,Shelter",Kolkata
N600,"Food,Arts",261,"Supports 261 people in Food,Arts",Chennai
N601,Education,122,Supports 122 people in Education,Chennai
N602,Shelter,314,Supports 314 people in Shelter,Kolkata
N603,Shelter,239,Supports 239 people in Shelter,Delhi
N604,Health,161,Supports 161 people in Health,Mumbai
N605,Shelter,124,Supports 124 people in Shelter,Chennai
N606,Education,315,Supports 315 people in Education,Delhi
N607,Arts,441,Supports 441 people in Arts,Mumbai
N608,Health,174,Supports 174 people in Health,Delhi
N609,"Health,Arts",167,"Supports 167 people in Health,Arts",Delhi
N610,Food,302,Supports 302 people in Food,Kolkata
N611,"Shelter,Arts",380,"Supports 380 people in Shelter,Arts",Kolkata
N612,"Health,Food",150,"Supports 150 people in Health,Food",Delhi
N613,"Education,Food",58,"Supports 58 people in Education,Food",Kolkata
N614,"Food,Education",184,"Supports 184 people in Food,Education",Mumbai
N615,"Education,Health",341,"Supports 341 people in Education,Health",Bangalore
N616,"Health,Arts",99,"Supports 99 people in Health,Arts",Chennai
N617,"Food,Arts",92,"Supports 92 people in Food,Arts",Chennai
N618,Education,312,Supports 312 people in Education,Kolkata
N619,Health,83,Supports 83 people in Health,Delhi
N620,Arts,141,Supports 141 people in Arts,Chennai
N621,"Arts,Health",250,"Supports 250 people in Arts,Health",Kolkata
N622,"Food,Arts",258,"Supports 258 people in Food,Arts",Chennai
N623,Food,212,Supports 212 people in Food,Delhi
N624,"Health,Food",425,"Supports 425 people in Health,Food",Bangalore
N625,"Food,Shelter",257,"Supports 257 people in Food,Shelter",Delhi
N626,Health,369,Supports 369 people in Health,Kolkata
N627,Education,258,Supports 258 people in Education,Chennai
N628,Shelter,168,Supports 168 people in Shelter,Delhi
N629,"Health,Arts",315,"Supports 315 people in Health,Arts",Mumbai
N630,"Health,Arts",330,"Supports 330 people in Health,Arts",Chennai
N631,"Arts,Food",162,"Supports 162 people in Arts,Food",Mumbai
N632,"Food,Shelter",203,"Supports 203 people in Food,Shelter",Chennai
N633,Health,140,Supports 140 people in Health,Bangalore
N634,Health,288,Supports 288 people in Health,Chennai
N635,Education,136,Supports 136 people in Education,Bangalore
N636,"Shelter,Education",212,"Supports 212 people in Shelter,Education",Kolkata
N637,"Education,Arts",232,"Supports 232 people in Education,Arts",Mumbai
N638,"Education,Health",403,"Supports 403 people in Education,Health",Mumbai
N639,"Education,Health",137,"Supports 137 people in Education,Health",Bangalore
N640,Education,456,Supports 456 people in Education,Delhi
N641,"Education,Arts",67,"Supports 67 people in Education,Arts",Delhi
N642,"Health,Arts",117,"Supports 117 people in Health,Arts",Kolkata
N643,"Shelter,Arts",392,"Supports 392 people in Shelter,Arts",Chennai
N644,"Food,Arts",380,"Supports 380 people in Food,Arts",Bangalore
N645,"Food,Arts",201,"Supports 201 people in Food,Arts",Delhi
N646,"Health,Education",456,"Supports 456 people in Health,Education",Delhi
N647,Health,64,Supports 64 people in Health,Delhi
N648,Arts,495,Supports 495 people in Arts,Chennai
N649,Arts,114,Supports 114 people in Arts,Bangalore
N650,Food,221,Supports 221 people in Food,Mumbai
N651,"Shelter,Education",101,"Supports 101 people in Shelter,Education",Chennai
N652,Shelter,359,Supports 359 people in Shelter,Chennai
N653,"Shelter,Education",385,"Supports 385 people in Shelter,Education",Chennai
N654,Health,408,Supports 408 people in Health,Chennai
N655,Arts,233,Supports 233 people in Arts,Chennai
N656,Education,450,Supports 450 people in Education,Chennai
N657,Arts,297,Supports 297 people in Arts,Delhi
N658,Food,105,Supports 105 people in Food,Chennai
N659,Shelter,117,Supports 117 people in Shelter,Mumbai
N660,"Shelter,Health",253,"Supports 253 people in Shelter,Health",Mumbai
N661,Food,98,Supports 98 people in Food,Delhi
N662,"Health,Shelter",157,"Supports 157 people in Health,Shelter",Chennai
N663,"Shelter,Health",188,"Supports 188 people in Shelter,Health",Bangalore
N664,"Education,Shelter",120,"Supports 120 people in Education,Shelter",Kolkata
N665,"Education,Shelter",164,"Supports 164 people in Education,Shelter",Mumbai
N666,Health,218,Supports 218 people in Health,Chennai
N667,"Health,Shelter",303,"Supports 303 people in Health,Shelter",Mumbai
N668,"Food,Arts",236,"Supports 236 people in Food,Arts",Chennai
N669,"Education,Food",240,"Supports 240 people in Education,Food",Bangalore
N670,Health,152,Supports 152 people in Health,Kolkata
N671,Food,118,Supports 118 people in Food,Bangalore
N672,"Food,Education",239,"Supports 239 people in Food,Education",Delhi
N673,"Education,Food",480,"Supports 480 people in Education,Food",Bangalore
N674,Arts,306,Supports 306 people in Arts,Chennai
N675,Education,295,Supports 295 people in Education,Kolkata
N676,Education,195,Supports 195 people in Education,Kolkata
N677,Arts,160,Supports 160 people in Arts,Delhi
N678,Education,285,Supports 285 people in Education,Bangalore
N679,Arts,107,Supports 107 people in Arts,Kolkata
N680,"Health,Food",257,"Supports 257 people in Health,Food",Delhi
N681,"Arts,Shelter",225,"Supports 225 people in Arts,Shelter",Mumbai
N682,"Food,Health",401,"Supports 401 people in Food,Health",Kolkata
N683,"Shelter,Food",258,"Supports 258 people in Shelter,Food",Delhi
N684,Food,181,Supports 181 people in Food,Chennai
N685,"Food,Shelter",136,"Supports 136 people in Food,Shelter",Delhi
N686,Education,160,Supports 160 people in Education,Bangalore
N687,Food,152,Supports 152 people in Food,Chennai
N688,"Health,Food",484,"Supports 484 people in Health,Food",Delhi
N689,Food,131,Supports 131 people in Food,Kolkata
N690,Arts,113,Supports 113 people in Arts,Chennai
N691,Health,259,Supports 259 people in Health,Mumbai
N692,Food,413,Supports 413 people in Food,Chennai
N693,Shelter,78,Supports 78 people in Shelter,Delhi
N694,"Food,Health",183,"Supports 183 people in Food,Health",Kolkata
N695,Health,199,Supports 199 people in Health,Kolkata
N696,Food,119,Supports 119 people in Food,Chennai
N697,Arts,229,Supports 229 people in Arts,Bangalore
N698,Shelter,86,Supports 86 people in Shelter,Chennai
N699,"Health,Shelter",442,"Supports 442 people in Health,Shelter",Delhi
N700,Food,320,Supports 320 people in Food,Chennai
N701,"Education,Food",459,"Supports 459 people in Education,Food",Delhi
N702,"Food,Education",203,"Supports 203 people in Food,Education",Kolkata
N703,Arts,124,Supports 124 people in Arts,Delhi
N704,"Shelter,Health",92,"Supports 92 people in Shelter,Health",Bangalore
N705,"Education,Shelter",480,"Supports 480 people in Education,Shelter",Chennai
N706,"Shelter,Health",343,"Supports 343 people in Shelter,Health",Delhi
N707,"Health,Education",337,"Supports 337 people in Health,Education",Bangalore
N708,"Health,Food",466,"Supports 466 people in Health,Food",Kolkata
N709,"Health,Food",331,"Supports 331 people in Health,Food",Chennai
N710,"Shelter,Food",187,"Supports 187 people in Shelter,Food",Kolkata
N711,"Arts,Education",79,"Supports 79 people in Arts,Education",Bangalore
N712,"Health,Arts",334,"Supports 334 people in Health,Arts",Mumbai
N713,"Arts,Food",452,"Supports 452 people in Arts,Food",Kolkata
N714,Health,350,Supports 350 people in Health,Kolkata
N715,Education,160,Supports 160 people in Education,Kolkata
N716,"Health,Food",413,"Supports 413 people in Health,Food",Chennai
N717,Education,196,Supports 196 people in Education,Mumbai
N718,"Education,Shelter",262,"Supports 262 people in Education,Shelter",Mumbai
N719,Arts,179,Supports 179 people in Arts,Delhi
N720,"Education,Arts",58,"Supports 58 people in Education,Arts",Bangalore
N721,"Health,Education",366,"Supports 366 people in Health,Education",Delhi
N722,"Health,Food",322,"Supports 322 people in Health,Food",Kolkata
N723,"Health,Arts",443,"Supports 443 people in Health,Arts",Mumbai
N724,Health,395,Supports 395 people in Health,Kolkata
N725,Education,166,Supports 166 people in Education,Mumbai
N726,"Education,Shelter",230,"Supports 230 people in Education,Shelter",Kolkata
N727,Arts,280,Supports 280 people in Arts,Kolkata
N728,"Food,Shelter",424,"Supports 424 people in Food,Shelter",Bangalore
N729,"Food,Arts",197,"Supports 197 people in Food,Arts",Kolkata
N730,Education,328,Supports 328 people in Education,Delhi
N731,Shelter,112,Supports 112 people in Shelter,Bangalore
N732,"Food,Arts",57,"Supports 57 people in Food,Arts",Kolkata
N733,Education,341,Supports 341 people in Education,Chennai
N734,"Shelter,Food",474,"Supports 474 people in Shelter,Food",Bangalore
N735,Food,466,Supports 466 people in Food,Mumbai
N736,"Education,Shelter",498,"Supports 498 people in Education,Shelter",Kolkata
N737,"Education,Shelter",199,"Supports 199 people in Education,Shelter",Delhi
N738,Arts,494,Supports 494 people in Arts,Chennai
N739,"Education,Shelter",270,"Supports 270 people in Education,Shelter",Delhi
N740,"Arts,Education",246,"Supports 246 people in Arts,Education",Chennai
N741,"Shelter,Health",184,"Supports 184 people in Shelter,Health",Bangalore
N742,Health,428,Supports 428 people in Health,Bangalore
N743,Health,332,Supports 332 people in Health,Bangalore
N744,Education,224,Supports 224 people in Education,Bangalore
N745,"Food,Arts",168,"Supports 168 people in Food,Arts",Bangalore
N746,"Education,Shelter",295,"Supports 295 people in Education,Shelter",Chennai
N747,"Education,Health",402,"Supports 402 people in Education,Health",Mumbai
N748,Food,255,Supports 255 people in Food,Chennai
N749,Health,366,Supports 366 people in Health,Mumbai
N750,Arts,110,Supports 110 people in Arts,Bangalore
N751,"Arts,Education",69,"Supports 69 people in Arts,Education",Bangalore
N752,Food,408,Supports 408 people in Food,Delhi
N753,"Education,Arts",83,"Supports 83 people in Education,Arts",Chennai
N754,"Shelter,Food",398,"Supports 398 people in Shelter,Food",Delhi
N755,"Arts,Health",478,"Supports 478 people in Arts,Health",Kolkata
N756,Health,273,Supports 273 people in Health,Kolkata
N757,Health,76,Supports 76 people in Health,Chennai
N758,Food,84,Supports 84 people in Food,Bangalore
N759,"Education,Health",238,"Supports 238 people in Education,Health",Bangalore
N760,"Food,Education",334,"Supports 334 people in Food,Education",Bangalore
N761,Education,182,Supports 182 people in Education,Bangalore
N762,Health,438,Supports 438 people in Health,Bangalore
N763,"Food,Shelter",323,"Supports 323 people in Food,Shelter",Delhi
N764,"Food,Health",426,"Supports 426 people in Food,Health",Bangalore
N765,Education,198,Supports 198 people in Education,Delhi
N766,Health,62,Supports 62 people in Health,Mumbai
N767,Shelter,355,Supports 355 people in Shelter,Bangalore
N768,"Shelter,Arts",466,"Supports 466 people in Shelter,Arts",Mumbai
N769,"Health,Education",161,"Supports 161 people in Health,Education",Bangalore
N770,"Education,Shelter",275,"Supports 275 people in Education,Shelter",Bangalore
N771,"Arts,Health",116,"Supports 116 people in Arts,Health",Mumbai
N772,"Education,Food",346,"Supports 346 people in Education,Food",Bangalore
N773,"Shelter,Food",299,"Supports 299 people in Shelter,Food",Bangalore
N774,"Health,Shelter",113,"Supports 113 people in Health,Shelter",Bangalore
N775,Food,93,Supports 93 people in Food,Kolkata
N776,"Arts,Health",227,"Supports 227 people in Arts,Health",Bangalore
N777,"Education,Food",453,"Supports 453 people in Education,Food",Bangalore
N778,Food,210,Supports 210 people in Food,Delhi
N779,"Shelter,Education",143,"Supports 143 people in Shelter,Education",Mumbai
N780,Arts,441,Supports 441 people in Arts,Kolkata
N781,Health,138,Supports 138 people in Health,Chennai
N782,"Education,Health",469,"Supports 469 people in Education,Health",Kolkata
N783,"Food,Education",191,"Supports 191 people in Food,Education",Mumbai
N784,Health,102,Supports 102 people in Health,Bangalore
N785,Education,274,Supports 274 people in Education,Mumbai
N786,"Education,Health",234,"Supports 234 people in Education,Health",Kolkata
N787,"Education,Shelter",188,"Supports 188 people in Education,Shelter",Chennai
N788,"Health,Shelter",398,"Supports 398 people in Health,Shelter",Chennai
N789,"Arts,Education",273,"Supports 273 people in Arts,Education",Delhi
N790,Health,151,Supports 151 people in Health,Bangalore
N791,"Health,Arts",411,"Supports 411 people in Health,Arts",Chennai
N792,Health,443,Supports 443 people in Health,Chennai
N793,"Health,Arts",433,"Supports 433 people in Health,Arts",Chennai
N794,Food,218,Supports 218 people in Food,Mumbai
N795,"Shelter,Food",231,"Supports 231 people in Shelter,Food",Kolkata
N796,"Health,Food",164,"Supports 164 people in Health,Food",Delhi
N797,"Food,Shelter",252,"Supports 252 people in Food,Shelter",Mumbai
N798,"Health,Arts",65,"Supports 65 people in Health,Arts",Chennai
N799,Shelter,444,Supports 444 people in Shelter,Mumbai
N800,Food,416,Supports 416 people in Food,Mumbai
N801,"Food,Shelter",348,"Supports 348 people in Food,Shelter",Kolkata
N802,Food,318,Supports 318 people in Food,Chennai
N803,"Food,Arts",341,"Supports 341 people in Food,Arts",Chennai
N804,"Food,Shelter",76,"Supports 76 people in Food,Shelter",Delhi
N805,"Arts,Food",89,"Supports 89 people in Arts,Food",Bangalore
N806,Arts,198,Supports 198 people in Arts,Bangalore
N807,Education,492,Supports 492 people in Education,Chennai
N808,Health,57,Supports 57 people in Health,Mumbai
N809,Education,455,Supports 455 people in Education,Chennai
N810,Health,139,Supports 139 people in Health,Chennai
N811,Education,465,Supports 465 people in Education,Delhi
N812,Shelter,104,Supports 104 people in Shelter,Mumbai
N813,"Education,Health",428,"Supports 428 people in Education,Health",Chennai
N814,"Health,Food",446,"Supports 446 people in Health,Food",Mumbai
N815,"Health,Shelter",177,"Supports 177 people in Health,Shelter",Chennai
N816,Education,98,Supports 98 people in Education,Kolkata
N817,"Health,Arts",341,"Supports 341 people in Health,Arts",Mumbai
N818,Education,386,Supports 386 people in Education,Mumbai
N819,Arts,255,Supports 255 people in Arts,Kolkata
N820,Education,366,Supports 366 people in Education,Delhi
N821,Education,224,Supports 224 people in Education,Bangalore
N822,Education,434,Supports 434 people in Education,Mumbai
N823,Food,417,Supports 417 people in Food,Kolkata
N824,"Food,Arts",69,"Supports 69 people in Food,Arts",Delhi
N825,"Shelter,Health",394,"Supports 394 people in Shelter,Health",Bangalore
N826,"Education,Food",422,"Supports 422 people in Education,Food",Delhi
N827,Education,363,Supports 363 people in Education,Delhi
N828,"Education,Arts",159,"Supports 159 people in Education,Arts",Mumbai
N829,"Shelter,Education",193,"Supports 193 people in Shelter,Education",Kolkata
N830,"Shelter,Arts",297,"Supports 297 people in Shelter,Arts",Bangalore
N831,"Health,Food",353,"Supports 353 people in Health,Food",Mumbai
N832,"Arts,Education",156,"Supports 156 people in Arts,Education",Delhi
N833,Health,392,Supports 392 people in Health,Delhi
N834,"Food,Education",404,"Supports 404 people in Food,Education",Chennai
N835,Health,333,Supports 333 people in Health,Kolkata
N836,Health,450,Supports 450 people in Health,Mumbai
N837,"Arts,Shelter",215,"Supports 215 people in Arts,Shelter",Kolkata
N838,Education,484,Supports 484 people in Education,Delhi
N839,Shelter,189,Supports 189 people in Shelter,Mumbai
N840,"Arts,Health",254,"Supports 254 people in Arts,Health",Mumbai
N841,Health,98,Supports 98 people in Health,Chennai
N842,"Health,Education",320,"Supports 320 people in Health,Education",Bangalore
N843,Food,305,Supports 305 people in Food,Bangalore
N844,Arts,404,Supports 404 people in Arts,Mumbai
N845,"Arts,Health",500,"Supports 500 people in Arts,Health",Mumbai
N846,"Food,Shelter",134,"Supports 134 people in Food,Shelter",Delhi
N847,Food,155,Supports 155 people in Food,Bangalore
N848,"Food,Shelter",111,"Supports 111 people in Food,Shelter",Mumbai
N849,"Arts,Food",63,"Supports 63 people in Arts,Food",Bangalore
N850,"Arts,Shelter",328,"Supports 328 people in Arts,Shelter",Delhi
N851,Shelter,68,Supports 68 people in Shelter,Kolkata
N852,"Arts,Food",478,"Supports 478 people in Arts,Food",Mumbai
N853,Food,193,Supports 193 people in Food,Kolkata
N854,"Arts,Education",402,"Supports 402 people in Arts,Education",Mumbai
N855,"Education,Food",356,"Supports 356 people in Education,Food",Mumbai
N856,"Health,Shelter",475,"Supports 475 people in Health,Shelter",Delhi
N857,"Shelter,Education",436,"Supports 436 people in Shelter,Education",Mumbai
N858,Food,255,Supports 255 people in Food,Mumbai
N859,"Food,Health",473,"Supports 473 people in Food,Health",Chennai
N860,Health,294,Supports 294 people in Health,Kolkata
N861,"Education,Health",234,"Supports 234 people in Education,Health",Mumbai
N862,"Shelter,Arts",483,"Supports 483 people in Shelter,Arts",Mumbai
N863,Arts,123,Supports 123 people in Arts,Kolkata
N864,"Education,Shelter",99,"Supports 99 people in Education,Shelter",Delhi
N865,Arts,483,Supports 483 people in Arts,Bangalore
N866,Health,336,Supports 336 people in Health,Delhi
N867,Education,343,Supports 343 people in Education,Mumbai
N868,"Arts,Food",215,"Supports 215 people in Arts,Food",Bangalore
N869,"Shelter,Arts",88,"Supports 88 people in Shelter,Arts",Chennai
N870,Shelter,399,Supports 399 people in Shelter,Bangalore
N871,Education,420,Supports 420 people in Education,Chennai
N872,"Shelter,Arts",399,"Supports 399 people in Shelter,Arts",Delhi
N873,"Arts,Shelter",299,"Supports 299 people in Arts,Shelter",Chennai
N874,Shelter,189,Supports 189 people in Shelter,Kolkata
N875,Health,401,Supports 401 people in Health,Delhi
N876,"Food,Shelter",225,"Supports 225 people in Food,Shelter",Bangalore
N877,"Food,Education",206,"Supports 206 people in Food,Education",Chennai
N878,"Education,Food",57,"Supports 57 people in Education,Food",Kolkata
N879,Food,440,Supports 440 people in Food,Mumbai
N880,"Arts,Health",265,"Supports 265 people in Arts,Health",Chennai
N881,"Food,Arts",329,"Supports 329 people in Food,Arts",Delhi
N882,"Arts,Health",98,"Supports 98 people in Arts,Health",Mumbai
N883,Health,448,Supports 448 people in Health,Bangalore
N884,Education,153,Supports 153 people in Education,Bangalore
N885,"Shelter,Health",97,"Supports 97 people in Shelter,Health",Chennai
N886,"Education,Food",292,"Supports 292 people in Education,Food",Mumbai
N887,Education,482,Supports 482 people in Education,Mumbai
N888,"Health,Arts",251,"Supports 251 people in Health,Arts",Bangalore
N889,"Food,Health",254,"Supports 254 people in Food,Health",Bangalore
N890,"Education,Food",224,"Supports 224 people in Education,Food",Delhi
N891,Education,316,Supports 316 people in Education,Chennai
N892,"Education,Shelter",458,"Supports 458 people in Education,Shelter",Delhi
N893,Health,494,Supports 494 people in Health,Chennai
N894,Food,52,Supports 52 people in Food,Delhi
N895,Arts,371,Supports 371 people in Arts,Delhi
N896,"Health,Education",188,"Supports 188 people in Health,Education",Delhi
N897,"Food,Health",133,"Supports 133 people in Food,Health",Chennai
N898,Arts,488,Supports 488 people in Arts,Chennai
N899,"Shelter,Food",195,"Supports 195 people in Shelter,Food",Mumbai
N900,Shelter,400,Supports 400 people in Shelter,Bangalore
N901,Shelter,223,Supports 223 people in Shelter,Chennai
N902,"Education,Food",336,"Supports 336 people in Education,Food",Kolkata
N903,Shelter,220,Supports 220 people in Shelter,Kolkata
N904,"Arts,Shelter",408,"Supports 408 people in Arts,Shelter",Delhi
N905,Health,246,Supports 246 people in Health,Kolkata
N906,Arts,107,Supports 107 people in Arts,Kolkata
N907,Arts,60,Supports 60 people in Arts,Kolkata
N908,Arts,77,Supports 77 people in Arts,Bangalore
N909,Shelter,276,Supports 276 people in Shelter,Delhi
N910,Arts,297,Supports 297 people in Arts,Chennai
N911,"Health,Education",156,"Supports 156 people in Health,Education",Mumbai
N912,Food,178,Supports 178 people in Food,Mumbai
N913,Health,308,Supports 308 people in Health,Delhi
N914,Arts,97,Supports 97 people in Arts,Delhi
N915,Shelter,412,Supports 412 people in Shelter,Mumbai
N916,"Food,Education",97,"Supports 97 people in Food,Education",Bangalore
N917,Food,420,Supports 420 people in Food,Chennai
N918,Food,214,Supports 214 people in Food,Kolkata
N919,"Shelter,Arts",381,"Supports 381 people in Shelter,Arts",Bangalore
N920,"Food,Shelter",376,"Supports 376 people in Food,Shelter",Kolkata
N921,Arts,190,Supports 190 people in Arts,Bangalore
N922,"Food,Health",257,"Supports 257 people in Food,Health",Delhi
N923,Health,72,Supports 72 people in Health,Delhi
N924,Shelter,297,Supports 297 people in Shelter,Mumbai
N925,"Education,Shelter",94,"Supports 94 people in Education,Shelter",Kolkata
N926,"Health,Shelter",339,"Supports 339 people in Health,Shelter",Bangalore
N927,"Education,Food",490,"Supports 490 people in Education,Food",Chennai
N928,"Food,Shelter",230,"Supports 230 people in Food,Shelter",Chennai
N929,"Education,Shelter",133,"Supports 133 people in Education,Shelter",Chennai
N930,Arts,173,Supports 173 people in Arts,Kolkata
N931,"Education,Food",420,"Supports 420 people in Education,Food",Delhi
N932,"Education,Food",407,"Supports 407 people in Education,Food",Mumbai
N933,"Shelter,Health",274,"Supports 274 people in Shelter,Health",Mumbai
N934,Arts,106,Supports 106 people in Arts,Delhi
N935,"Food,Health",427,"Supports 427 people in Food,Health",Kolkata
N936,"Arts,Shelter",392,"Supports 392 people in Arts,Shelter",Delhi
N937,"Arts,Health",184,"Supports 184 people in Arts,Health",Bangalore
N938,"Arts,Education",253,"Supports 253 people in Arts,Education",Chennai
N939,Shelter,95,Supports 95 people in Shelter,Delhi
N940,"Education,Health",176,"Supports 176 people in Education,Health",Chennai
N941,"Health,Education",133,"Supports 133 people in Health,Education",Kolkata
N942,"Education,Food",492,"Supports 492 people in Education,Food",Kolkata
N943,"Health,Arts",271,"Supports 271 people in Health,Arts",Mumbai
N944,Education,278,Supports 278 people in Education,Kolkata
N945,"Education,Arts",424,"Supports 424 people in Education,Arts",Delhi
N946,"Arts,Education",115,"Supports 115 people in Arts,Education",Mumbai
N947,"Health,Shelter",314,"Supports 314 people in Health,Shelter",Kolkata
N948,Food,327,Supports 327 people in Food,Chennai
N949,"Education,Shelter",244,"Supports 244 people in Education,Shelter",Bangalore
N950,Shelter,443,Supports 443 people in Shelter,Bangalore
N951,"Shelter,Education",364,"Supports 364 people in Shelter,Education",Kolkata
N952,"Arts,Food",227,"Supports 227 people in Arts,Food",Delhi
N953,Education,332,Supports 332 people in Education,Mumbai
N954,"Shelter,Food",124,"Supports 124 people in Shelter,Food",Kolkata
N955,"Arts,Education",149,"Supports 149 people in Arts,Education",Delhi
N956,Shelter,187,Supports 187 people in Shelter,Kolkata
N957,"Education,Food",215,"Supports 215 people in Education,Food",Chennai
N958,"Education,Food",288,"Supports 288 people in Education,Food",Delhi
N959,Education,196,Supports 196 people in Education,Kolkata
N960,"Education,Shelter",303,"Supports 303 people in Education,Shelter",Chennai
N961,"Arts,Shelter",53,"Supports 53 people in Arts,Shelter",Kolkata
N962,"Arts,Shelter",341,"Supports 341 people in Arts,Shelter",Delhi
N963,Shelter,494,Supports 494 people in Shelter,Kolkata
N964,"Education,Arts",340,"Supports 340 people in Education,Arts",Delhi
N965,"Health,Food",296,"Supports 296 people in Health,Food",Bangalore
N966,"Health,Shelter",419,"Supports 419 people in Health,Shelter",Mumbai
N967,Education,214,Supports 214 people in Education,Kolkata
N968,Arts,276,Supports 276 people in Arts,Chennai
N969,Food,319,Supports 319 people in Food,Kolkata
N970,"Health,Education",306,"Supports 306 people in Health,Education",Bangalore
N971,"Health,Arts",152,"Supports 152 people in Health,Arts",Delhi
N972,Arts,365,Supports 365 people in Arts,Kolkata
N973,Shelter,395,Supports 395 people in Shelter,Chennai
N974,"Shelter,Arts",200,"Supports 200 people in Shelter,Arts",Chennai
N975,"Shelter,Education",339,"Supports 339 people in Shelter,Education",Chennai
N976,"Education,Food",161,"Supports 161 people in Education,Food",Chennai
N977,"Shelter,Food",77,"Supports 77 people in Shelter,Food",Delhi
N978,"Shelter,Food",345,"Supports 345 people in Shelter,Food",Chennai
N979,"Health,Food",445,"Supports 445 people in Health,Food",Chennai
N980,Health,405,Supports 405 people in Health,Kolkata
N981,Education,300,Supports 300 people in Education,Mumbai
N982,Shelter,331,Supports 331 people in Shelter,Delhi
N983,"Health,Food",389,"Supports 389 people in Health,Food",Bangalore
N984,Health,425,Supports 425 people in Health,Bangalore
N985,Education,303,Supports 303 people in Education,Delhi
N986,"Health,Food",207,"Supports 207 people in Health,Food",Mumbai
N987,"Health,Food",131,"Supports 131 people in Health,Food",Kolkata
N988,Arts,360,Supports 360 people in Arts,Bangalore
N989,"Shelter,Health",310,"Supports 310 people in Shelter,Health",Chennai
N990,Education,125,Supports 125 people in Education,Chennai
N991,"Health,Arts",325,"Supports 325 people in Health,Arts",Delhi
N992,"Arts,Shelter",405,"Supports 405 people in Arts,Shelter",Delhi
N993,"Health,Food",493,"Supports 493 people in Health,Food",Bangalore
N994,"Food,Education",73,"Supports 73 people in Food,Education",Chennai
N995,Health,417,Supports 417 people in Health,Kolkata
N996,"Food,Arts",306,"Supports 306 people in Food,Arts",Mumbai
N997,Food,135,Supports 135 people in Food,Bangalore
N998,"Education,Shelter",231,"Supports 231 people in Education,Shelter",Mumbai
N999,"Arts,Health",348,"Supports 348 people in Arts,Health",Mumbai
N1000,"Education,Food",460,"Supports 460 people in Education,Food",Kolkata
