orphanage_id,need_categories,num_children,description,location
O1,"Arts,Food",96,"Supports 96 children in Arts,Food",Bangalore
O2,"Education,Arts",92,"Supports 92 children in Education,Arts",Chennai
O3,"Arts,Health",26,"Supports 26 children in Arts,Health",Mumbai
O4,"Shelter,Food",96,"Supports 96 children in Shelter,Food",Chennai
O5,Shelter,76,Supports 76 children in Shelter,Bangalore
O6,Health,99,Supports 99 children in Health,Chennai
O7,"Shelter,Health",86,"Supports 86 children in Shelter,Health",Bangalore
O8,"Health,Shelter",29,"Supports 29 children in Health,Shelter",Chennai
O9,"Food,Shelter",46,"Supports 46 children in Food,Shelter",Bangalore
O10,Shelter,22,Supports 22 children in Shelter,Kolkata
O11,Food,97,Supports 97 children in Food,Kolkata
O12,"Shelter,Health",80,"Supports 80 children in Shelter,Health",Kolkata
O13,Education,72,Supports 72 children in Education,Delhi
O14,"Education,Health",26,"Supports 26 children in Education,Health",Mumbai
O15,Health,18,Supports 18 children in Health,Kolkata
O16,"Food,Arts",90,"Supports 90 children in Food,Arts",Kolkata
O17,"Shelter,Health",96,"Supports 96 children in Shelter,Health",Mumbai
O18,Education,44,Supports 44 children in Education,Chennai
O19,Education,11,Supports 11 children in Education,Chennai
O20,"Arts,Education",34,"Supports 34 children in Arts,Education",Mumbai
O21,"Shelter,Food",71,"Supports 71 children in Shelter,Food",Chennai
O22,Food,12,Supports 12 children in Food,Bangalore
O23,Arts,84,Supports 84 children in Arts,Kolkata
O24,"Food,Health",49,"Supports 49 children in Food,Health",Kolkata
O25,"Health,Food",37,"Supports 37 children in Health,Food",Kolkata
O26,"Health,Food",46,"Supports 46 children in Health,Food",Delhi
O27,"Health,Arts",92,"Supports 92 children in Health,Arts",Chennai
O28,"Food,Education",37,"Supports 37 children in Food,Education",Delhi
O29,Food,74,Supports 74 children in Food,Chennai
O30,Education,98,Supports 98 children in Education,Chennai
O31,"Food,Education",77,"Supports 77 children in Food,Education",Kolkata
O32,Food,18,Supports 18 children in Food,Chennai
O33,Arts,37,Supports 37 children in Arts,Chennai
O34,Education,55,Supports 55 children in Education,Mumbai
O35,Food,51,Supports 51 children in Food,Mumbai
O36,"Health,Arts",6,"Supports 6 children in Health,Arts",Delhi
O37,"Shelter,Education",29,"Supports 29 children in Shelter,Education",Chennai
O38,Health,85,Supports 85 children in Health,Delhi
O39,"Education,Health",76,"Supports 76 children in Education,Health",Kolkata
O40,Arts,65,Supports 65 children in Arts,Delhi
O41,Health,21,Supports 21 children in Health,Delhi
O42,"Arts,Education",52,"Supports 52 children in Arts,Education",Kolkata
O43,"Shelter,Arts",16,"Supports 16 children in Shelter,Arts",Chennai
O44,Arts,63,Supports 63 children in Arts,Kolkata
O45,"Arts,Education",13,"Supports 13 children in Arts,Education",Kolkata
O46,"Arts,Shelter",43,"Supports 43 children in Arts,Shelter",Mumbai
O47,Shelter,67,Supports 67 children in Shelter,Chennai
O48,"Shelter,Education",8,"Supports 8 children in Shelter,Education",Chennai
O49,Arts,19,Supports 19 children in Arts,Mumbai
O50,Arts,76,Supports 76 children in Arts,Bangalore
O51,Education,24,Supports 24 children in Education,Mumbai
O52,Education,16,Supports 16 children in Education,Chennai
O53,"Arts,Health",42,"Supports 42 children in Arts,Health",Bangalore
O54,Food,46,Supports 46 children in Food,Mumbai
O55,Arts,86,Supports 86 children in Arts,Delhi
O56,"Education,Arts",8,"Supports 8 children in Education,Arts",Chennai
O57,"Food,Shelter",75,"Supports 75 children in Food,Shelter",Kolkata
O58,"Food,Education",40,"Supports 40 children in Food,Education",Bangalore
O59,Shelter,71,Supports 71 children in Shelter,Bangalore
O60,Education,43,Supports 43 children in Education,Mumbai
O61,"Shelter,Education",58,"Supports 58 children in Shelter,Education",Bangalore
O62,Shelter,24,Supports 24 children in Shelter,Mumbai
O63,"Health,Shelter",88,"Supports 88 children in Health,Shelter",Kolkata
O64,Shelter,77,Supports 77 children in Shelter,Kolkata
O65,Arts,61,Supports 61 children in Arts,Chennai
O66,Health,11,Supports 11 children in Health,Kolkata
O67,"Food,Health",15,"Supports 15 children in Food,Health",Delhi
O68,"Health,Arts",14,"Supports 14 children in Health,Arts",Bangalore
O69,"Shelter,Arts",93,"Supports 93 children in Shelter,Arts",Delhi
O70,Food,22,Supports 22 children in Food,Bangalore
O71,Arts,62,Supports 62 children in Arts,Mumbai
O72,"Food,Education",33,"Supports 33 children in Food,Education",Delhi
O73,Food,36,Supports 36 children in Food,Bangalore
O74,Arts,70,Supports 70 children in Arts,Bangalore
O75,"Arts,Health",17,"Supports 17 children in Arts,Health",Delhi
O76,"Education,Health",42,"Supports 42 children in Education,Health",Delhi
O77,"Health,Education",27,"Supports 27 children in Health,Education",Kolkata
O78,"Education,Arts",75,"Supports 75 children in Education,Arts",Mumbai
O79,Education,12,Supports 12 children in Education,Kolkata
O80,Shelter,13,Supports 13 children in Shelter,Chennai
O81,"Education,Food",22,"Supports 22 children in Education,Food",Delhi
O82,"Education,Food",91,"Supports 91 children in Education,Food",Delhi
O83,"Shelter,Health",16,"Supports 16 children in Shelter,Health",Bangalore
O84,Health,91,Supports 91 children in Health,Chennai
O85,"Arts,Health",7,"Supports 7 children in Arts,Health",Chennai
O86,Shelter,30,Supports 30 children in Shelter,Mumbai
O87,Food,33,Supports 33 children in Food,Bangalore
O88,"Arts,Education",80,"Supports 80 children in Arts,Education",Mumbai
O89,Arts,78,Supports 78 children in Arts,Delhi
O90,"Shelter,Food",37,"Supports 37 children in Shelter,Food",Bangalore
O91,"Food,Education",92,"Supports 92 children in Food,Education",Kolkata
O92,Food,34,Supports 34 children in Food,Mumbai
O93,Shelter,11,Supports 11 children in Shelter,Kolkata
O94,"Shelter,Health",68,"Supports 68 children in Shelter,Health",Bangalore
O95,"Shelter,Health",6,"Supports 6 children in Shelter,Health",Mumbai
O96,Shelter,6,Supports 6 children in Shelter,Delhi
O97,"Health,Education",98,"Supports 98 children in Health,Education",Chennai
O98,"Education,Shelter",52,"Supports 52 children in Education,Shelter",Kolkata
O99,Food,9,Supports 9 children in Food,Kolkata
O100,Education,97,Supports 97 children in Education,Delhi
O101,Arts,99,Supports 99 children in Arts,Kolkata
O102,"Health,Shelter",81,"Supports 81 children in Health,Shelter",Mumbai
O103,"Education,Food",83,"Supports 83 children in Education,Food",Delhi
O104,Education,12,Supports 12 children in Education,Kolkata
O105,"Food,Arts",93,"Supports 93 children in Food,Arts",Chennai
O106,Shelter,29,Supports 29 children in Shelter,Chennai
O107,Health,78,Supports 78 children in Health,Bangalore
O108,Food,24,Supports 24 children in Food,Chennai
O109,"Food,Arts",76,"Supports 76 children in Food,Arts",Mumbai
O110,Health,31,Supports 31 children in Health,Bangalore
O111,Arts,29,Supports 29 children in Arts,Mumbai
O112,"Education,Food",45,"Supports 45 children in Education,Food",Mumbai
O113,"Health,Food",75,"Supports 75 children in Health,Food",Kolkata
O114,Shelter,67,Supports 67 children in Shelter,Chennai
O115,Education,33,Supports 33 children in Education,Chennai
O116,Health,68,Supports 68 children in Health,Mumbai
O117,Health,67,Supports 67 children in Health,Mumbai
O118,"Health,Education",71,"Supports 71 children in Health,Education",Kolkata
O119,"Health,Food",69,"Supports 69 children in Health,Food",Bangalore
O120,Health,12,Supports 12 children in Health,Mumbai
O121,"Arts,Shelter",91,"Supports 91 children in Arts,Shelter",Bangalore
O122,"Food,Health",62,"Supports 62 children in Food,Health",Bangalore
O123,"Arts,Shelter",50,"Supports 50 children in Arts,Shelter",Kolkata
O124,"Shelter,Health",95,"Supports 95 children in Shelter,Health",Kolkata
O125,Education,53,Supports 53 children in Education,Mumbai
O126,"Arts,Food",53,"Supports 53 children in Arts,Food",Delhi
O127,"Health,Arts",44,"Supports 44 children in Health,Arts",Chennai
O128,Shelter,20,Supports 20 children in Shelter,Mumbai
O129,Education,83,Supports 83 children in Education,Bangalore
O130,"Health,Arts",46,"Supports 46 children in Health,Arts",Chennai
O131,Education,19,Supports 19 children in Education,Delhi
O132,"Arts,Shelter",25,"Supports 25 children in Arts,Shelter",Kolkata
O133,"Shelter,Arts",50,"Supports 50 children in Shelter,Arts",Mumbai
O134,Education,77,Supports 77 children in Education,Chennai
O135,Shelter,60,Supports 60 children in Shelter,Mumbai
O136,Health,64,Supports 64 children in Health,Chennai
O137,Health,70,Supports 70 children in Health,Kolkata
O138,"Health,Education",89,"Supports 89 children in Health,Education",Chennai
O139,"Arts,Shelter",54,"Supports 54 children in Arts,Shelter",Delhi
O140,"Arts,Health",13,"Supports 13 children in Arts,Health",Bangalore
O141,Health,73,Supports 73 children in Health,Bangalore
O142,Shelter,69,Supports 69 children in Shelter,Mumbai
O143,"Health,Food",53,"Supports 53 children in Health,Food",Kolkata
O144,Shelter,31,Supports 31 children in Shelter,Delhi
O145,Health,58,Supports 58 children in Health,Bangalore
O146,"Education,Arts",17,"Supports 17 children in Education,Arts",Kolkata
O147,Education,17,Supports 17 children in Education,Chennai
O148,Education,20,Supports 20 children in Education,Kolkata
O149,Health,17,Supports 17 children in Health,Bangalore
O150,Health,24,Supports 24 children in Health,Chennai
O151,Arts,39,Supports 39 children in Arts,Bangalore
O152,"Health,Arts",11,"Supports 11 children in Health,Arts",Delhi
O153,Education,51,Supports 51 children in Education,Delhi
O154,"Arts,Food",72,"Supports 72 children in Arts,Food",Chennai
O155,Arts,52,Supports 52 children in Arts,Kolkata
O156,Food,82,Supports 82 children in Food,Mumbai
O157,"Food,Arts",18,"Supports 18 children in Food,Arts",Chennai
O158,"Shelter,Education",8,"Supports 8 children in Shelter,Education",Delhi
O159,Shelter,95,Supports 95 children in Shelter,Delhi
O160,Arts,47,Supports 47 children in Arts,Kolkata
O161,"Food,Shelter",64,"Supports 64 children in Food,Shelter",Bangalore
O162,Arts,97,Supports 97 children in Arts,Kolkata
O163,"Health,Education",100,"Supports 100 children in Health,Education",Kolkata
O164,"Shelter,Arts",26,"Supports 26 children in Shelter,Arts",Delhi
O165,Arts,24,Supports 24 children in Arts,Bangalore
O166,Health,79,Supports 79 children in Health,Bangalore
O167,"Food,Arts",14,"Supports 14 children in Food,Arts",Kolkata
O168,"Arts,Health",22,"Supports 22 children in Arts,Health",Delhi
O169,"Arts,Shelter",86,"Supports 86 children in Arts,Shelter",Delhi
O170,Shelter,52,Supports 52 children in Shelter,Bangalore
O171,"Arts,Education",33,"Supports 33 children in Arts,Education",Mumbai
O172,"Shelter,Education",95,"Supports 95 children in Shelter,Education",Bangalore
O173,Health,30,Supports 30 children in Health,Chennai
O174,Shelter,80,Supports 80 children in Shelter,Kolkata
O175,Education,97,Supports 97 children in Education,Bangalore
O176,Arts,35,Supports 35 children in Arts,Delhi
O177,Arts,52,Supports 52 children in Arts,Mumbai
O178,Arts,46,Supports 46 children in Arts,Delhi
O179,Education,16,Supports 16 children in Education,Chennai
O180,Food,13,Supports 13 children in Food,Bangalore
O181,"Education,Food",23,"Supports 23 children in Education,Food",Kolkata
O182,"Health,Food",52,"Supports 52 children in Health,Food",Chennai
O183,Education,100,Supports 100 children in Education,Bangalore
O184,"Arts,Shelter",68,"Supports 68 children in Arts,Shelter",Kolkata
O185,"Health,Shelter",97,"Supports 97 children in Health,Shelter",Delhi
O186,"Health,Education",70,"Supports 70 children in Health,Education",Bangalore
O187,Shelter,35,Supports 35 children in Shelter,Chennai
O188,"Education,Arts",51,"Supports 51 children in Education,Arts",Bangalore
O189,Education,70,Supports 70 children in Education,Kolkata
O190,Arts,6,Supports 6 children in Arts,Kolkata
O191,"Shelter,Food",75,"Supports 75 children in Shelter,Food",Mumbai
O192,Education,40,Supports 40 children in Education,Kolkata
O193,"Shelter,Health",68,"Supports 68 children in Shelter,Health",Bangalore
O194,Health,94,Supports 94 children in Health,Mumbai
O195,"Food,Education",47,"Supports 47 children in Food,Education",Chennai
O196,Shelter,74,Supports 74 children in Shelter,Bangalore
O197,"Food,Arts",67,"Supports 67 children in Food,Arts",Chennai
O198,Education,42,Supports 42 children in Education,Kolkata
O199,"Food,Education",58,"Supports 58 children in Food,Education",Kolkata
O200,Health,66,Supports 66 children in Health,Chennai
O201,Arts,66,Supports 66 children in Arts,Kolkata
O202,Arts,78,Supports 78 children in Arts,Chennai
O203,"Arts,Shelter",19,"Supports 19 children in Arts,Shelter",Delhi
O204,"Arts,Shelter",28,"Supports 28 children in Arts,Shelter",Mumbai
O205,"Food,Education",61,"Supports 61 children in Food,Education",Chennai
O206,"Food,Education",12,"Supports 12 children in Food,Education",Kolkata
O207,Arts,26,Supports 26 children in Arts,Mumbai
O208,"Education,Food",13,"Supports 13 children in Education,Food",Chennai
O209,Shelter,40,Supports 40 children in Shelter,Bangalore
O210,Arts,89,Supports 89 children in Arts,Kolkata
O211,"Health,Food",26,"Supports 26 children in Health,Food",Bangalore
O212,"Arts,Health",92,"Supports 92 children in Arts,Health",Mumbai
O213,"Health,Arts",18,"Supports 18 children in Health,Arts",Bangalore
O214,"Food,Shelter",97,"Supports 97 children in Food,Shelter",Chennai
O215,"Shelter,Food",27,"Supports 27 children in Shelter,Food",Chennai
O216,Arts,19,Supports 19 children in Arts,Mumbai
O217,"Shelter,Health",29,"Supports 29 children in Shelter,Health",Chennai
O218,"Arts,Shelter",5,"Supports 5 children in Arts,Shelter",Kolkata
O219,Food,66,Supports 66 children in Food,Mumbai
O220,Education,95,Supports 95 children in Education,Mumbai
O221,"Education,Health",31,"Supports 31 children in Education,Health",Bangalore
O222,Shelter,100,Supports 100 children in Shelter,Chennai
O223,"Shelter,Health",8,"Supports 8 children in Shelter,Health",Chennai
O224,Health,72,Supports 72 children in Health,Bangalore
O225,"Arts,Food",48,"Supports 48 children in Arts,Food",Mumbai
O226,Health,76,Supports 76 children in Health,Kolkata
O227,"Shelter,Health",43,"Supports 43 children in Shelter,Health",Delhi
O228,"Shelter,Arts",29,"Supports 29 children in Shelter,Arts",Kolkata
O229,Health,51,Supports 51 children in Health,Bangalore
O230,"Food,Arts",99,"Supports 99 children in Food,Arts",Delhi
O231,"Arts,Shelter",69,"Supports 69 children in Arts,Shelter",Delhi
O232,"Health,Food",68,"Supports 68 children in Health,Food",Mumbai
O233,"Shelter,Food",58,"Supports 58 children in Shelter,Food",Mumbai
O234,Arts,29,Supports 29 children in Arts,Kolkata
O235,Education,41,Supports 41 children in Education,Chennai
O236,"Education,Health",5,"Supports 5 children in Education,Health",Kolkata
O237,Health,63,Supports 63 children in Health,Delhi
O238,Arts,58,Supports 58 children in Arts,Kolkata
O239,"Shelter,Food",75,"Supports 75 children in Shelter,Food",Kolkata
O240,"Food,Health",79,"Supports 79 children in Food,Health",Kolkata
O241,"Arts,Education",39,"Supports 39 children in Arts,Education",Kolkata
O242,"Education,Arts",7,"Supports 7 children in Education,Arts",Kolkata
O243,"Shelter,Health",52,"Supports 52 children in Shelter,Health",Chennai
O244,"Shelter,Health",21,"Supports 21 children in Shelter,Health",Kolkata
O245,"Shelter,Arts",49,"Supports 49 children in Shelter,Arts",Delhi
O246,Health,60,Supports 60 children in Health,Kolkata
O247,"Health,Education",70,"Supports 70 children in Health,Education",Mumbai
O248,Education,53,Supports 53 children in Education,Delhi
O249,Health,21,Supports 21 children in Health,Delhi
O250,"Arts,Shelter",97,"Supports 97 children in Arts,Shelter",Kolkata
O251,"Education,Food",74,"Supports 74 children in Education,Food",Chennai
O252,Education,54,Supports 54 children in Education,Mumbai
O253,Health,34,Supports 34 children in Health,Chennai
O254,"Education,Health",26,"Supports 26 children in Education,Health",Chennai
O255,Food,5,Supports 5 children in Food,Bangalore
O256,Health,69,Supports 69 children in Health,Kolkata
O257,Education,24,Supports 24 children in Education,Kolkata
O258,"Food,Shelter",59,"Supports 59 children in Food,Shelter",Mumbai
O259,"Education,Arts",12,"Supports 12 children in Education,Arts",Bangalore
O260,Shelter,100,Supports 100 children in Shelter,Bangalore
O261,"Shelter,Food",60,"Supports 60 children in Shelter,Food",Kolkata
O262,Health,49,Supports 49 children in Health,Bangalore
O263,Food,26,Supports 26 children in Food,Mumbai
O264,"Shelter,Food",21,"Supports 21 children in Shelter,Food",Chennai
O265,"Arts,Food",70,"Supports 70 children in Arts,Food",Delhi
O266,Shelter,27,Supports 27 children in Shelter,Chennai
O267,"Food,Health",84,"Supports 84 children in Food,Health",Bangalore
O268,"Shelter,Arts",23,"Supports 23 children in Shelter,Arts",Kolkata
O269,Shelter,75,Supports 75 children in Shelter,Mumbai
O270,Education,63,Supports 63 children in Education,Bangalore
O271,Education,55,Supports 55 children in Education,Delhi
O272,Education,92,Supports 92 children in Education,Kolkata
O273,Health,10,Supports 10 children in Health,Delhi
O274,Shelter,94,Supports 94 children in Shelter,Bangalore
O275,Arts,72,Supports 72 children in Arts,Chennai
O276,"Arts,Education",40,"Supports 40 children in Arts,Education",Delhi
O277,"Food,Shelter",46,"Supports 46 children in Food,Shelter",Chennai
O278,"Education,Food",11,"Supports 11 children in Education,Food",Chennai
O279,Arts,57,Supports 57 children in Arts,Bangalore
O280,Food,34,Supports 34 children in Food,Chennai
O281,Education,34,Supports 34 children in Education,Delhi
O282,Health,43,Supports 43 children in Health,Delhi
O283,Health,72,Supports 72 children in Health,Delhi
O284,"Shelter,Arts",84,"Supports 84 children in Shelter,Arts",Chennai
O285,Health,24,Supports 24 children in Health,Chennai
O286,Health,73,Supports 73 children in Health,Bangalore
O287,Education,25,Supports 25 children in Education,Mumbai
O288,Health,50,Supports 50 children in Health,Mumbai
O289,"Health,Arts",28,"Supports 28 children in Health,Arts",Bangalore
O290,"Education,Shelter",57,"Supports 57 children in Education,Shelter",Mumbai
O291,Food,44,Supports 44 children in Food,Mumbai
O292,Shelter,8,Supports 8 children in Shelter,Mumbai
O293,Shelter,49,Supports 49 children in Shelter,Kolkata
O294,Education,10,Supports 10 children in Education,Bangalore
O295,Shelter,97,Supports 97 children in Shelter,Bangalore
O296,Education,18,Supports 18 children in Education,Mumbai
O297,"Arts,Shelter",98,"Supports 98 children in Arts,Shelter",Bangalore
O298,Food,62,Supports 62 children in Food,Kolkata
O299,"Food,Education",24,"Supports 24 children in Food,Education",Delhi
O300,"Education,Health",44,"Supports 44 children in Education,Health",Delhi
O301,Arts,42,Supports 42 children in Arts,Delhi
O302,"Arts,Food",73,"Supports 73 children in Arts,Food",Mumbai
O303,Food,98,Supports 98 children in Food,Kolkata
O304,Health,73,Supports 73 children in Health,Mumbai
O305,Food,18,Supports 18 children in Food,Chennai
O306,Shelter,92,Supports 92 children in Shelter,Chennai
O307,"Arts,Education",41,"Supports 41 children in Arts,Education",Bangalore
O308,"Education,Health",56,"Supports 56 children in Education,Health",Chennai
O309,"Education,Shelter",81,"Supports 81 children in Education,Shelter",Bangalore
O310,"Food,Arts",69,"Supports 69 children in Food,Arts",Delhi
O311,Shelter,99,Supports 99 children in Shelter,Delhi
O312,"Food,Education",25,"Supports 25 children in Food,Education",Chennai
O313,Health,53,Supports 53 children in Health,Mumbai
O314,Education,84,Supports 84 children in Education,Kolkata
O315,"Education,Shelter",43,"Supports 43 children in Education,Shelter",Chennai
O316,"Education,Arts",77,"Supports 77 children in Education,Arts",Mumbai
O317,"Arts,Food",95,"Supports 95 children in Arts,Food",Bangalore
O318,"Arts,Food",28,"Supports 28 children in Arts,Food",Delhi
O319,"Education,Food",83,"Supports 83 children in Education,Food",Delhi
O320,Education,71,Supports 71 children in Education,Bangalore
O321,Education,70,Supports 70 children in Education,Chennai
O322,Arts,5,Supports 5 children in Arts,Chennai
O323,Health,25,Supports 25 children in Health,Mumbai
O324,Arts,100,Supports 100 children in Arts,Kolkata
O325,Shelter,74,Supports 74 children in Shelter,Chennai
O326,Education,60,Supports 60 children in Education,Chennai
O327,"Food,Arts",65,"Supports 65 children in Food,Arts",Kolkata
O328,Food,46,Supports 46 children in Food,Bangalore
O329,"Education,Arts",88,"Supports 88 children in Education,Arts",Mumbai
O330,"Health,Education",88,"Supports 88 children in Health,Education",Chennai
O331,Education,41,Supports 41 children in Education,Delhi
O332,Arts,20,Supports 20 children in Arts,Kolkata
O333,"Arts,Health",11,"Supports 11 children in Arts,Health",Delhi
O334,Shelter,100,Supports 100 children in Shelter,Kolkata
O335,Shelter,24,Supports 24 children in Shelter,Bangalore
O336,Education,53,Supports 53 children in Education,Chennai
O337,Food,73,Supports 73 children in Food,Bangalore
O338,Health,34,Supports 34 children in Health,Kolkata
O339,Food,84,Supports 84 children in Food,Kolkata
O340,Shelter,80,Supports 80 children in Shelter,Delhi
O341,"Shelter,Arts",38,"Supports 38 children in Shelter,Arts",Chennai
O342,"Education,Shelter",71,"Supports 71 children in Education,Shelter",Bangalore
O343,Arts,67,Supports 67 children in Arts,Mumbai
O344,"Food,Arts",95,"Supports 95 children in Food,Arts",Chennai
O345,"Shelter,Education",92,"Supports 92 children in Shelter,Education",Delhi
O346,"Arts,Shelter",50,"Supports 50 children in Arts,Shelter",Bangalore
O347,"Education,Shelter",57,"Supports 57 children in Education,Shelter",Chennai
O348,"Food,Arts",47,"Supports 47 children in Food,Arts",Bangalore
O349,Arts,70,Supports 70 children in Arts,Kolkata
O350,Food,71,Supports 71 children in Food,Chennai
O351,Shelter,32,Supports 32 children in Shelter,Kolkata
O352,Food,9,Supports 9 children in Food,Bangalore
O353,"Shelter,Health",88,"Supports 88 children in Shelter,Health",Kolkata
O354,Food,76,Supports 76 children in Food,Chennai
O355,Arts,42,Supports 42 children in Arts,Kolkata
O356,Health,40,Supports 40 children in Health,Delhi
O357,Health,46,Supports 46 children in Health,Kolkata
O358,Health,94,Supports 94 children in Health,Kolkata
O359,"Arts,Shelter",54,"Supports 54 children in Arts,Shelter",Kolkata
O360,Education,79,Supports 79 children in Education,Kolkata
O361,"Food,Shelter",59,"Supports 59 children in Food,Shelter",Kolkata
O362,Health,71,Supports 71 children in Health,Delhi
O363,"Health,Education",23,"Supports 23 children in Health,Education",Bangalore
O364,Shelter,52,Supports 52 children in Shelter,Chennai
O365,"Education,Food",69,"Supports 69 children in Education,Food",Delhi
O366,"Shelter,Health",5,"Supports 5 children in Shelter,Health",Mumbai
O367,Arts,24,Supports 24 children in Arts,Bangalore
O368,"Food,Health",95,"Supports 95 children in Food,Health",Chennai
O369,"Food,Health",12,"Supports 12 children in Food,Health",Mumbai
O370,"Shelter,Health",69,"Supports 69 children in Shelter,Health",Delhi
O371,Education,25,Supports 25 children in Education,Bangalore
O372,Shelter,74,Supports 74 children in Shelter,Kolkata
O373,"Shelter,Food",86,"Supports 86 children in Shelter,Food",Mumbai
O374,"Health,Shelter",16,"Supports 16 children in Health,Shelter",Mumbai
O375,Arts,20,Supports 20 children in Arts,Bangalore
O376,Shelter,98,Supports 98 children in Shelter,Mumbai
O377,Health,32,Supports 32 children in Health,Delhi
O378,"Food,Health",77,"Supports 77 children in Food,Health",Chennai
O379,"Education,Arts",17,"Supports 17 children in Education,Arts",Delhi
O380,"Shelter,Food",80,"Supports 80 children in Shelter,Food",Bangalore
O381,Education,53,Supports 53 children in Education,Delhi
O382,Arts,8,Supports 8 children in Arts,Delhi
O383,"Arts,Food",70,"Supports 70 children in Arts,Food",Bangalore
O384,Shelter,9,Supports 9 children in Shelter,Chennai
O385,Shelter,23,Supports 23 children in Shelter,Delhi
O386,"Food,Arts",25,"Supports 25 children in Food,Arts",Chennai
O387,Shelter,51,Supports 51 children in Shelter,Kolkata
O388,Arts,61,Supports 61 children in Arts,Delhi
O389,"Arts,Shelter",35,"Supports 35 children in Arts,Shelter",Bangalore
O390,Shelter,80,Supports 80 children in Shelter,Kolkata
O391,"Food,Education",25,"Supports 25 children in Food,Education",Chennai
O392,Arts,42,Supports 42 children in Arts,Delhi
O393,Arts,86,Supports 86 children in Arts,Bangalore
O394,Education,64,Supports 64 children in Education,Mumbai
O395,Food,54,Supports 54 children in Food,Mumbai
O396,"Education,Shelter",67,"Supports 67 children in Education,Shelter",Chennai
O397,Health,6,Supports 6 children in Health,Bangalore
O398,"Education,Health",25,"Supports 25 children in Education,Health",Mumbai
O399,Food,100,Supports 100 children in Food,Delhi
O400,"Education,Arts",98,"Supports 98 children in Education,Arts",Chennai
O401,"Food,Education",57,"Supports 57 children in Food,Education",Kolkata
O402,Shelter,26,Supports 26 children in Shelter,Chennai
O403,"Education,Shelter",47,"Supports 47 children in Education,Shelter",Mumbai
O404,"Shelter,Health",20,"Supports 20 children in Shelter,Health",Mumbai
O405,Education,97,Supports 97 children in Education,Mumbai
O406,"Food,Education",90,"Supports 90 children in Food,Education",Delhi
O407,"Education,Shelter",32,"Supports 32 children in Education,Shelter",Bangalore
O408,"Shelter,Food",30,"Supports 30 children in Shelter,Food",Mumbai
O409,Food,31,Supports 31 children in Food,Kolkata
O410,Education,34,Supports 34 children in Education,Kolkata
O411,"Shelter,Education",80,"Supports 80 children in Shelter,Education",Delhi
O412,Shelter,31,Supports 31 children in Shelter,Chennai
O413,Food,17,Supports 17 children in Food,Mumbai
O414,"Arts,Education",12,"Supports 12 children in Arts,Education",Delhi
O415,"Education,Food",94,"Supports 94 children in Education,Food",Chennai
O416,"Food,Education",37,"Supports 37 children in Food,Education",Bangalore
O417,"Arts,Health",55,"Supports 55 children in Arts,Health",Mumbai
O418,"Education,Shelter",90,"Supports 90 children in Education,Shelter",Chennai
O419,"Food,Education",100,"Supports 100 children in Food,Education",Delhi
O420,"Food,Health",43,"Supports 43 children in Food,Health",Bangalore
O421,"Food,Shelter",82,"Supports 82 children in Food,Shelter",Chennai
O422,"Education,Shelter",82,"Supports 82 children in Education,Shelter",Kolkata
O423,Shelter,85,Supports 85 children in Shelter,Delhi
O424,Education,55,Supports 55 children in Education,Mumbai
O425,Arts,36,Supports 36 children in Arts,Kolkata
O426,Arts,23,Supports 23 children in Arts,Delhi
O427,Shelter,90,Supports 90 children in Shelter,Chennai
O428,Health,88,Supports 88 children in Health,Bangalore
O429,"Arts,Shelter",52,"Supports 52 children in Arts,Shelter",Delhi
O430,"Food,Shelter",7,"Supports 7 children in Food,Shelter",Chennai
O431,"Food,Shelter",92,"Supports 92 children in Food,Shelter",Delhi
O432,Food,18,Supports 18 children in Food,Chennai
O433,"Education,Health",73,"Supports 73 children in Education,Health",Bangalore
O434,"Food,Education",95,"Supports 95 children in Food,Education",Delhi
O435,"Health,Education",54,"Supports 54 children in Health,Education",Mumbai
O436,"Shelter,Health",16,"Supports 16 children in Shelter,Health",Mumbai
O437,Food,42,Supports 42 children in Food,Bangalore
O438,"Health,Food",94,"Supports 94 children in Health,Food",Chennai
O439,"Arts,Shelter",66,"Supports 66 children in Arts,Shelter",Bangalore
O440,"Shelter,Health",100,"Supports 100 children in Shelter,Health",Kolkata
O441,"Health,Arts",99,"Supports 99 children in Health,Arts",Delhi
O442,Education,42,Supports 42 children in Education,Bangalore
O443,Arts,65,Supports 65 children in Arts,Delhi
O444,Food,83,Supports 83 children in Food,Mumbai
O445,"Shelter,Education",37,"Supports 37 children in Shelter,Education",Delhi
O446,Health,6,Supports 6 children in Health,Kolkata
O447,Arts,63,Supports 63 children in Arts,Chennai
O448,"Health,Education",79,"Supports 79 children in Health,Education",Delhi
O449,Arts,22,Supports 22 children in Arts,Delhi
O450,"Arts,Shelter",6,"Supports 6 children in Arts,Shelter",Mumbai
O451,"Shelter,Arts",48,"Supports 48 children in Shelter,Arts",Bangalore
O452,"Education,Food",67,"Supports 67 children in Education,Food",Chennai
O453,Education,51,Supports 51 children in Education,Chennai
O454,"Education,Arts",43,"Supports 43 children in Education,Arts",Bangalore
O455,"Education,Shelter",68,"Supports 68 children in Education,Shelter",Kolkata
O456,"Education,Arts",70,"Supports 70 children in Education,Arts",Bangalore
O457,Food,8,Supports 8 children in Food,Bangalore
O458,Health,65,Supports 65 children in Health,Mumbai
O459,"Shelter,Food",71,"Supports 71 children in Shelter,Food",Chennai
O460,"Food,Shelter",84,"Supports 84 children in Food,Shelter",Bangalore
O461,Health,76,Supports 76 children in Health,Mumbai
O462,Shelter,61,Supports 61 children in Shelter,Chennai
O463,Shelter,11,Supports 11 children in Shelter,Chennai
O464,"Shelter,Education",54,"Supports 54 children in Shelter,Education",Mumbai
O465,Education,35,Supports 35 children in Education,Bangalore
O466,"Shelter,Education",7,"Supports 7 children in Shelter,Education",Delhi
O467,"Arts,Food",78,"Supports 78 children in Arts,Food",Chennai
O468,"Shelter,Education",80,"Supports 80 children in Shelter,Education",Bangalore
O469,Food,25,Supports 25 children in Food,Chennai
O470,Shelter,75,Supports 75 children in Shelter,Kolkata
O471,Shelter,14,Supports 14 children in Shelter,Bangalore
O472,Education,92,Supports 92 children in Education,Chennai
O473,"Education,Health",26,"Supports 26 children in Education,Health",Chennai
O474,"Arts,Shelter",21,"Supports 21 children in Arts,Shelter",Bangalore
O475,"Arts,Shelter",45,"Supports 45 children in Arts,Shelter",Chennai
O476,"Arts,Health",49,"Supports 49 children in Arts,Health",Kolkata
O477,"Education,Arts",49,"Supports 49 children in Education,Arts",Mumbai
O478,"Shelter,Arts",87,"Supports 87 children in Shelter,Arts",Delhi
O479,Shelter,95,Supports 95 children in Shelter,Delhi
O480,"Food,Education",52,"Supports 52 children in Food,Education",Bangalore
O481,Education,23,Supports 23 children in Education,Kolkata
O482,"Education,Arts",71,"Supports 71 children in Education,Arts",Bangalore
O483,Food,66,Supports 66 children in Food,Kolkata
O484,Arts,92,Supports 92 children in Arts,Delhi
O485,Education,10,Supports 10 children in Education,Mumbai
O486,Health,12,Supports 12 children in Health,Mumbai
O487,"Arts,Education",42,"Supports 42 children in Arts,Education",Delhi
O488,Shelter,76,Supports 76 children in Shelter,Bangalore
O489,Education,94,Supports 94 children in Education,Kolkata
O490,"Education,Arts",42,"Supports 42 children in Education,Arts",Delhi
O491,"Shelter,Food",28,"Supports 28 children in Shelter,Food",Delhi
O492,"Shelter,Health",39,"Supports 39 children in Shelter,Health",Mumbai
O493,"Shelter,Food",36,"Supports 36 children in Shelter,Food",Kolkata
O494,Arts,54,Supports 54 children in Arts,Mumbai
O495,Arts,86,Supports 86 children in Arts,Delhi
O496,Health,17,Supports 17 children in Health,Kolkata
O497,Shelter,50,Supports 50 children in Shelter,Bangalore
O498,"Arts,Health",67,"Supports 67 children in Arts,Health",Bangalore
O499,Shelter,90,Supports 90 children in Shelter,Chennai
O500,"Education,Food",89,"Supports 89 children in Education,Food",Chennai
O501,Food,93,Supports 93 children in Food,Bangalore
O502,"Education,Food",17,"Supports 17 children in Education,Food",Delhi
O503,Shelter,60,Supports 60 children in Shelter,Chennai
O504,Education,17,Supports 17 children in Education,Kolkata
O505,Shelter,97,Supports 97 children in Shelter,Mumbai
O506,"Food,Arts",7,"Supports 7 children in Food,Arts",Bangalore
O507,Shelter,8,Supports 8 children in Shelter,Kolkata
O508,Health,96,Supports 96 children in Health,Mumbai
O509,"Shelter,Arts",6,"Supports 6 children in Shelter,Arts",Chennai
O510,"Health,Shelter",59,"Supports 59 children in Health,Shelter",Mumbai
O511,"Arts,Health",52,"Supports 52 children in Arts,Health",Mumbai
O512,Shelter,57,Supports 57 children in Shelter,Mumbai
O513,"Education,Shelter",81,"Supports 81 children in Education,Shelter",Delhi
O514,"Health,Shelter",16,"Supports 16 children in Health,Shelter",Mumbai
O515,"Food,Education",71,"Supports 71 children in Food,Education",Mumbai
O516,Food,23,Supports 23 children in Food,Kolkata
O517,Shelter,53,Supports 53 children in Shelter,Kolkata
O518,"Education,Shelter",82,"Supports 82 children in Education,Shelter",Mumbai
O519,Food,28,Supports 28 children in Food,Delhi
O520,Arts,95,Supports 95 children in Arts,Kolkata
O521,Arts,31,Supports 31 children in Arts,Bangalore
O522,Food,60,Supports 60 children in Food,Bangalore
O523,"Food,Health",58,"Supports 58 children in Food,Health",Delhi
O524,"Health,Shelter",60,"Supports 60 children in Health,Shelter",Bangalore
O525,Education,88,Supports 88 children in Education,Kolkata
O526,"Health,Arts",82,"Supports 82 children in Health,Arts",Mumbai
O527,"Shelter,Education",31,"Supports 31 children in Shelter,Education",Kolkata
O528,"Education,Arts",29,"Supports 29 children in Education,Arts",Mumbai
O529,"Food,Shelter",67,"Supports 67 children in Food,Shelter",Delhi
O530,Arts,87,Supports 87 children in Arts,Chennai
O531,"Shelter,Food",90,"Supports 90 children in Shelter,Food",Delhi
O532,Shelter,94,Supports 94 children in Shelter,Delhi
O533,"Education,Arts",36,"Supports 36 children in Education,Arts",Kolkata
O534,"Shelter,Education",43,"Supports 43 children in Shelter,Education",Mumbai
O535,"Arts,Shelter",29,"Supports 29 children in Arts,Shelter",Mumbai
O536,"Shelter,Arts",94,"Supports 94 children in Shelter,Arts",Bangalore
O537,Health,87,Supports 87 children in Health,Kolkata
O538,"Education,Shelter",8,"Supports 8 children in Education,Shelter",Chennai
O539,Education,89,Supports 89 children in Education,Delhi
O540,"Health,Arts",59,"Supports 59 children in Health,Arts",Mumbai
O541,Food,8,Supports 8 children in Food,Mumbai
O542,Health,33,Supports 33 children in Health,Chennai
O543,Arts,48,Supports 48 children in Arts,Delhi
O544,Food,54,Supports 54 children in Food,Bangalore
O545,"Arts,Shelter",85,"Supports 85 children in Arts,Shelter",Delhi
O546,Shelter,91,Supports 91 children in Shelter,Mumbai
O547,Food,63,Supports 63 children in Food,Kolkata
O548,"Shelter,Arts",55,"Supports 55 children in Shelter,Arts",Chennai
O549,"Education,Health",79,"Supports 79 children in Education,Health",Bangalore
O550,"Arts,Education",10,"Supports 10 children in Arts,Education",Bangalore
O551,Arts,12,Supports 12 children in Arts,Kolkata
O552,Education,21,Supports 21 children in Education,Mumbai
O553,Education,85,Supports 85 children in Education,Kolkata
O554,Health,58,Supports 58 children in Health,Bangalore
O555,Food,33,Supports 33 children in Food,Bangalore
O556,Education,70,Supports 70 children in Education,Bangalore
O557,Shelter,27,Supports 27 children in Shelter,Bangalore
O558,"Education,Arts",93,"Supports 93 children in Education,Arts",Chennai
O559,Health,27,Supports 27 children in Health,Delhi
O560,Health,65,Supports 65 children in Health,Chennai
O561,"Shelter,Food",67,"Supports 67 children in Shelter,Food",Kolkata
O562,Food,72,Supports 72 children in Food,Chennai
O563,"Health,Food",96,"Supports 96 children in Health,Food",Bangalore
O564,"Arts,Health",74,"Supports 74 children in Arts,Health",Mumbai
O565,"Arts,Food",80,"Supports 80 children in Arts,Food",Chennai
O566,"Arts,Education",90,"Supports 90 children in Arts,Education",Delhi
O567,Arts,29,Supports 29 children in Arts,Mumbai
O568,Health,35,Supports 35 children in Health,Bangalore
O569,"Shelter,Food",100,"Supports 100 children in Shelter,Food",Delhi
O570,Arts,96,Supports 96 children in Arts,Chennai
O571,Food,36,Supports 36 children in Food,Bangalore
O572,"Shelter,Arts",65,"Supports 65 children in Shelter,Arts",Delhi
O573,"Arts,Shelter",63,"Supports 63 children in Arts,Shelter",Chennai
O574,Arts,29,Supports 29 children in Arts,Mumbai
O575,"Education,Health",51,"Supports 51 children in Education,Health",Mumbai
O576,"Food,Arts",42,"Supports 42 children in Food,Arts",Bangalore
O577,"Food,Education",28,"Supports 28 children in Food,Education",Kolkata
O578,Education,95,Supports 95 children in Education,Chennai
O579,Food,78,Supports 78 children in Food,Kolkata
O580,"Food,Arts",33,"Supports 33 children in Food,Arts",Delhi
O581,"Education,Shelter",46,"Supports 46 children in Education,Shelter",Kolkata
O582,Education,99,Supports 99 children in Education,Delhi
O583,Health,61,Supports 61 children in Health,Delhi
O584,Health,95,Supports 95 children in Health,Delhi
O585,Education,23,Supports 23 children in Education,Mumbai
O586,Education,32,Supports 32 children in Education,Bangalore
O587,"Education,Food",41,"Supports 41 children in Education,Food",Delhi
O588,Arts,75,Supports 75 children in Arts,Bangalore
O589,Arts,10,Supports 10 children in Arts,Kolkata
O590,Food,22,Supports 22 children in Food,Delhi
O591,Shelter,71,Supports 71 children in Shelter,Delhi
O592,"Education,Shelter",46,"Supports 46 children in Education,Shelter",Kolkata
O593,"Education,Health",94,"Supports 94 children in Education,Health",Bangalore
O594,"Food,Arts",80,"Supports 80 children in Food,Arts",Kolkata
O595,Food,65,Supports 65 children in Food,Kolkata
O596,"Shelter,Arts",18,"Supports 18 children in Shelter,Arts",Chennai
O597,"Shelter,Arts",93,"Supports 93 children in Shelter,Arts",Mumbai
O598,Education,87,Supports 87 children in Education,Delhi
O599,"Shelter,Education",75,"Supports 75 children in Shelter,Education",Bangalore
O600,"Food,Arts",61,"Supports 61 children in Food,Arts",Kolkata
O601,"Arts,Food",75,"Supports 75 children in Arts,Food",Delhi
O602,Education,90,Supports 90 children in Education,Chennai
O603,Shelter,76,Supports 76 children in Shelter,Bangalore
O604,"Education,Shelter",59,"Supports 59 children in Education,Shelter",Delhi
O605,Education,71,Supports 71 children in Education,Mumbai
O606,"Arts,Shelter",50,"Supports 50 children in Arts,Shelter",Mumbai
O607,"Education,Shelter",13,"Supports 13 children in Education,Shelter",Bangalore
O608,Arts,11,Supports 11 children in Arts,Delhi
O609,Shelter,34,Supports 34 children in Shelter,Kolkata
O610,"Arts,Food",11,"Supports 11 children in Arts,Food",Mumbai
O611,Arts,47,Supports 47 children in Arts,Bangalore
O612,Arts,97,Supports 97 children in Arts,Bangalore
O613,"Food,Education",45,"Supports 45 children in Food,Education",Chennai
O614,"Health,Shelter",70,"Supports 70 children in Health,Shelter",Delhi
O615,Shelter,66,Supports 66 children in Shelter,Kolkata
O616,Food,89,Supports 89 children in Food,Chennai
O617,Food,65,Supports 65 children in Food,Bangalore
O618,"Education,Shelter",40,"Supports 40 children in Education,Shelter",Mumbai
O619,"Arts,Food",45,"Supports 45 children in Arts,Food",Chennai
O620,"Food,Shelter",44,"Supports 44 children in Food,Shelter",Chennai
O621,Food,11,Supports 11 children in Food,Kolkata
O622,"Arts,Health",68,"Supports 68 children in Arts,Health",Chennai
O623,"Education,Shelter",33,"Supports 33 children in Education,Shelter",Mumbai
O624,"Health,Shelter",92,"Supports 92 children in Health,Shelter",Delhi
O625,Education,49,Supports 49 children in Education,Bangalore
O626,Arts,53,Supports 53 children in Arts,Chennai
O627,Shelter,20,Supports 20 children in Shelter,Kolkata
O628,"Food,Health",84,"Supports 84 children in Food,Health",Chennai
O629,Education,75,Supports 75 children in Education,Chennai
O630,Health,21,Supports 21 children in Health,Kolkata
O631,Food,29,Supports 29 children in Food,Mumbai
O632,"Health,Food",43,"Supports 43 children in Health,Food",Delhi
O633,Food,13,Supports 13 children in Food,Chennai
O634,Health,27,Supports 27 children in Health,Kolkata
O635,"Food,Education",85,"Supports 85 children in Food,Education",Delhi
O636,Food,27,Supports 27 children in Food,Mumbai
O637,"Food,Shelter",29,"Supports 29 children in Food,Shelter",Delhi
O638,Education,38,Supports 38 children in Education,Bangalore
O639,"Education,Shelter",56,"Supports 56 children in Education,Shelter",Delhi
O640,Food,81,Supports 81 children in Food,Chennai
O641,Food,72,Supports 72 children in Food,Chennai
O642,Shelter,55,Supports 55 children in Shelter,Mumbai
O643,Shelter,24,Supports 24 children in Shelter,Kolkata
O644,Education,62,Supports 62 children in Education,Delhi
O645,Shelter,49,Supports 49 children in Shelter,Kolkata
O646,Health,26,Supports 26 children in Health,Chennai
O647,Health,62,Supports 62 children in Health,Delhi
O648,"Health,Shelter",82,"Supports 82 children in Health,Shelter",Kolkata
O649,Health,15,Supports 15 children in Health,Chennai
O650,Health,79,Supports 79 children in Health,Chennai
O651,"Arts,Food",76,"Supports 76 children in Arts,Food",Delhi
O652,Arts,27,Supports 27 children in Arts,Mumbai
O653,"Shelter,Health",94,"Supports 94 children in Shelter,Health",Bangalore
O654,"Education,Arts",12,"Supports 12 children in Education,Arts",Mumbai
O655,"Shelter,Food",79,"Supports 79 children in Shelter,Food",Mumbai
O656,"Education,Health",79,"Supports 79 children in Education,Health",Kolkata
O657,Education,86,Supports 86 children in Education,Delhi
O658,Food,17,Supports 17 children in Food,Delhi
O659,Food,56,Supports 56 children in Food,Mumbai
O660,"Food,Education",49,"Supports 49 children in Food,Education",Mumbai
O661,"Shelter,Food",28,"Supports 28 children in Shelter,Food",Kolkata
O662,"Shelter,Health",25,"Supports 25 children in Shelter,Health",Delhi
O663,"Shelter,Health",79,"Supports 79 children in Shelter,Health",Chennai
O664,"Arts,Education",9,"Supports 9 children in Arts,Education",Delhi
O665,Health,100,Supports 100 children in Health,Chennai
O666,"Shelter,Education",21,"Supports 21 children in Shelter,Education",Bangalore
O667,"Arts,Shelter",95,"Supports 95 children in Arts,Shelter",Bangalore
O668,Food,59,Supports 59 children in Food,Chennai
O669,"Food,Health",85,"Supports 85 children in Food,Health",Chennai
O670,Shelter,44,Supports 44 children in Shelter,Delhi
O671,"Arts,Education",99,"Supports 99 children in Arts,Education",Delhi
O672,"Food,Arts",21,"Supports 21 children in Food,Arts",Bangalore
O673,Shelter,45,Supports 45 children in Shelter,Delhi
O674,Shelter,80,Supports 80 children in Shelter,Bangalore
O675,"Health,Education",84,"Supports 84 children in Health,Education",Mumbai
O676,"Arts,Food",36,"Supports 36 children in Arts,Food",Kolkata
O677,Shelter,78,Supports 78 children in Shelter,Bangalore
O678,Food,58,Supports 58 children in Food,Chennai
O679,"Education,Arts",40,"Supports 40 children in Education,Arts",Kolkata
O680,Food,95,Supports 95 children in Food,Delhi
O681,"Arts,Shelter",97,"Supports 97 children in Arts,Shelter",Mumbai
O682,"Food,Arts",79,"Supports 79 children in Food,Arts",Kolkata
O683,Food,100,Supports 100 children in Food,Delhi
O684,Health,47,Supports 47 children in Health,Kolkata
O685,Food,63,Supports 63 children in Food,Kolkata
O686,Health,50,Supports 50 children in Health,Chennai
O687,"Food,Arts",93,"Supports 93 children in Food,Arts",Kolkata
O688,"Health,Shelter",59,"Supports 59 children in Health,Shelter",Chennai
O689,"Food,Shelter",21,"Supports 21 children in Food,Shelter",Mumbai
O690,Education,55,Supports 55 children in Education,Kolkata
O691,"Health,Education",87,"Supports 87 children in Health,Education",Bangalore
O692,"Food,Arts",79,"Supports 79 children in Food,Arts",Bangalore
O693,Health,46,Supports 46 children in Health,Chennai
O694,Health,75,Supports 75 children in Health,Bangalore
O695,Arts,33,Supports 33 children in Arts,Chennai
O696,"Arts,Shelter",90,"Supports 90 children in Arts,Shelter",Chennai
O697,Arts,77,Supports 77 children in Arts,Delhi
O698,"Arts,Shelter",98,"Supports 98 children in Arts,Shelter",Kolkata
O699,Arts,60,Supports 60 children in Arts,Delhi
O700,Food,27,Supports 27 children in Food,Mumbai
O701,Education,42,Supports 42 children in Education,Mumbai
O702,"Food,Arts",20,"Supports 20 children in Food,Arts",Mumbai
O703,"Health,Food",26,"Supports 26 children in Health,Food",Kolkata
O704,Shelter,92,Supports 92 children in Shelter,Kolkata
O705,"Shelter,Food",29,"Supports 29 children in Shelter,Food",Delhi
O706,"Health,Shelter",72,"Supports 72 children in Health,Shelter",Chennai
O707,Shelter,76,Supports 76 children in Shelter,Kolkata
O708,Health,80,Supports 80 children in Health,Mumbai
O709,Shelter,57,Supports 57 children in Shelter,Chennai
O710,"Education,Health",68,"Supports 68 children in Education,Health",Chennai
O711,"Education,Shelter",26,"Supports 26 children in Education,Shelter",Mumbai
O712,"Health,Food",75,"Supports 75 children in Health,Food",Chennai
O713,"Health,Shelter",19,"Supports 19 children in Health,Shelter",Delhi
O714,Food,45,Supports 45 children in Food,Mumbai
O715,"Food,Education",27,"Supports 27 children in Food,Education",Kolkata
O716,Health,51,Supports 51 children in Health,Delhi
O717,Arts,9,Supports 9 children in Arts,Kolkata
O718,"Education,Health",86,"Supports 86 children in Education,Health",Bangalore
O719,"Health,Education",35,"Supports 35 children in Health,Education",Mumbai
O720,Health,17,Supports 17 children in Health,Delhi
O721,"Arts,Education",71,"Supports 71 children in Arts,Education",Chennai
O722,"Arts,Shelter",24,"Supports 24 children in Arts,Shelter",Kolkata
O723,"Food,Education",10,"Supports 10 children in Food,Education",Mumbai
O724,Shelter,68,Supports 68 children in Shelter,Kolkata
O725,"Health,Education",58,"Supports 58 children in Health,Education",Delhi
O726,"Education,Food",18,"Supports 18 children in Education,Food",Delhi
O727,Health,29,Supports 29 children in Health,Kolkata
O728,"Shelter,Arts",39,"Supports 39 children in Shelter,Arts",Mumbai
O729,"Health,Education",49,"Supports 49 children in Health,Education",Kolkata
O730,"Education,Arts",94,"Supports 94 children in Education,Arts",Kolkata
O731,Shelter,86,Supports 86 children in Shelter,Chennai
O732,"Food,Education",63,"Supports 63 children in Food,Education",Kolkata
O733,"Food,Health",92,"Supports 92 children in Food,Health",Kolkata
O734,"Shelter,Health",55,"Supports 55 children in Shelter,Health",Bangalore
O735,Shelter,34,Supports 34 children in Shelter,Chennai
O736,"Health,Arts",81,"Supports 81 children in Health,Arts",Bangalore
O737,"Education,Health",90,"Supports 90 children in Education,Health",Delhi
O738,"Education,Arts",73,"Supports 73 children in Education,Arts",Mumbai
O739,"Food,Shelter",70,"Supports 70 children in Food,Shelter",Mumbai
O740,"Shelter,Food",23,"Supports 23 children in Shelter,Food",Chennai
O741,Arts,28,Supports 28 children in Arts,Mumbai
O742,Shelter,90,Supports 90 children in Shelter,Chennai
O743,Education,23,Supports 23 children in Education,Kolkata
O744,Health,17,Supports 17 children in Health,Delhi
O745,"Food,Shelter",29,"Supports 29 children in Food,Shelter",Chennai
O746,"Food,Education",16,"Supports 16 children in Food,Education",Kolkata
O747,Arts,48,Supports 48 children in Arts,Kolkata
O748,Health,22,Supports 22 children in Health,Bangalore
O749,"Education,Arts",24,"Supports 24 children in Education,Arts",Bangalore
O750,"Shelter,Education",72,"Supports 72 children in Shelter,Education",Delhi
O751,"Health,Education",57,"Supports 57 children in Health,Education",Delhi
O752,Shelter,35,Supports 35 children in Shelter,Chennai
O753,"Education,Food",7,"Supports 7 children in Education,Food",Kolkata
O754,Arts,34,Supports 34 children in Arts,Bangalore
O755,"Food,Shelter",84,"Supports 84 children in Food,Shelter",Bangalore
O756,Arts,48,Supports 48 children in Arts,Mumbai
O757,Shelter,62,Supports 62 children in Shelter,Delhi
O758,"Shelter,Education",33,"Supports 33 children in Shelter,Education",Chennai
O759,"Health,Food",41,"Supports 41 children in Health,Food",Kolkata
O760,"Shelter,Education",52,"Supports 52 children in Shelter,Education",Mumbai
O761,"Health,Arts",94,"Supports 94 children in Health,Arts",Kolkata
O762,Health,31,Supports 31 children in Health,Kolkata
O763,"Arts,Food",50,"Supports 50 children in Arts,Food",Mumbai
O764,Education,21,Supports 21 children in Education,Delhi
O765,Education,42,Supports 42 children in Education,Chennai
O766,Health,83,Supports 83 children in Health,Delhi
O767,Arts,96,Supports 96 children in Arts,Delhi
O768,"Health,Arts",95,"Supports 95 children in Health,Arts",Chennai
O769,Health,40,Supports 40 children in Health,Delhi
O770,Food,45,Supports 45 children in Food,Kolkata
O771,Shelter,87,Supports 87 children in Shelter,Mumbai
O772,"Arts,Food",14,"Supports 14 children in Arts,Food",Delhi
O773,Arts,89,Supports 89 children in Arts,Kolkata
O774,"Health,Arts",42,"Supports 42 children in Health,Arts",Chennai
O775,Shelter,13,Supports 13 children in Shelter,Delhi
O776,Education,75,Supports 75 children in Education,Bangalore
O777,Health,97,Supports 97 children in Health,Kolkata
O778,Health,67,Supports 67 children in Health,Chennai
O779,"Education,Arts",53,"Supports 53 children in Education,Arts",Bangalore
O780,"Arts,Food",64,"Supports 64 children in Arts,Food",Chennai
O781,"Arts,Education",54,"Supports 54 children in Arts,Education",Bangalore
O782,Arts,65,Supports 65 children in Arts,Kolkata
O783,Arts,92,Supports 92 children in Arts,Delhi
O784,"Health,Arts",36,"Supports 36 children in Health,Arts",Chennai
O785,"Shelter,Arts",24,"Supports 24 children in Shelter,Arts",Delhi
O786,"Shelter,Arts",48,"Supports 48 children in Shelter,Arts",Kolkata
O787,Arts,9,Supports 9 children in Arts,Kolkata
O788,Arts,71,Supports 71 children in Arts,Kolkata
O789,Education,56,Supports 56 children in Education,Mumbai
O790,Health,59,Supports 59 children in Health,Mumbai
O791,"Health,Education",84,"Supports 84 children in Health,Education",Bangalore
O792,"Health,Shelter",99,"Supports 99 children in Health,Shelter",Bangalore
O793,"Health,Arts",50,"Supports 50 children in Health,Arts",Chennai
O794,Food,71,Supports 71 children in Food,Bangalore
O795,"Arts,Health",71,"Supports 71 children in Arts,Health",Mumbai
O796,Health,76,Supports 76 children in Health,Bangalore
O797,Education,12,Supports 12 children in Education,Kolkata
O798,Health,15,Supports 15 children in Health,Delhi
O799,Health,23,Supports 23 children in Health,Chennai
O800,Health,10,Supports 10 children in Health,Bangalore
O801,Health,55,Supports 55 children in Health,Chennai
O802,Education,70,Supports 70 children in Education,Chennai
O803,"Shelter,Education",11,"Supports 11 children in Shelter,Education",Mumbai
O804,Education,15,Supports 15 children in Education,Mumbai
O805,"Food,Arts",40,"Supports 40 children in Food,Arts",Delhi
O806,Health,83,Supports 83 children in Health,Chennai
O807,Health,37,Supports 37 children in Health,Kolkata
O808,"Education,Health",99,"Supports 99 children in Education,Health",Mumbai
O809,Education,65,Supports 65 children in Education,Mumbai
O810,"Arts,Education",49,"Supports 49 children in Arts,Education",Bangalore
O811,Food,89,Supports 89 children in Food,Delhi
O812,"Arts,Food",16,"Supports 16 children in Arts,Food",Mumbai
O813,Arts,53,Supports 53 children in Arts,Mumbai
O814,Food,35,Supports 35 children in Food,Chennai
O815,"Shelter,Health",57,"Supports 57 children in Shelter,Health",Kolkata
O816,Arts,12,Supports 12 children in Arts,Delhi
O817,Arts,8,Supports 8 children in Arts,Kolkata
O818,Food,17,Supports 17 children in Food,Chennai
O819,Food,92,Supports 92 children in Food,Kolkata
O820,Shelter,98,Supports 98 children in Shelter,Bangalore
O821,Education,68,Supports 68 children in Education,Delhi
O822,"Education,Food",94,"Supports 94 children in Education,Food",Kolkata
O823,Food,42,Supports 42 children in Food,Delhi
O824,Arts,36,Supports 36 children in Arts,Kolkata
O825,"Education,Food",9,"Supports 9 children in Education,Food",Bangalore
O826,Health,36,Supports 36 children in Health,Kolkata
O827,"Education,Shelter",19,"Supports 19 children in Education,Shelter",Chennai
O828,"Food,Arts",89,"Supports 89 children in Food,Arts",Kolkata
O829,Health,68,Supports 68 children in Health,Bangalore
O830,"Food,Health",62,"Supports 62 children in Food,Health",Kolkata
O831,Education,45,Supports 45 children in Education,Mumbai
O832,Food,94,Supports 94 children in Food,Bangalore
O833,"Shelter,Education",46,"Supports 46 children in Shelter,Education",Chennai
O834,"Food,Shelter",98,"Supports 98 children in Food,Shelter",Bangalore
O835,Education,77,Supports 77 children in Education,Delhi
O836,"Arts,Education",60,"Supports 60 children in Arts,Education",Delhi
O837,Shelter,10,Supports 10 children in Shelter,Kolkata
O838,"Food,Arts",40,"Supports 40 children in Food,Arts",Kolkata
O839,"Health,Shelter",35,"Supports 35 children in Health,Shelter",Mumbai
O840,"Food,Shelter",96,"Supports 96 children in Food,Shelter",Mumbai
O841,Health,24,Supports 24 children in Health,Chennai
O842,Health,53,Supports 53 children in Health,Kolkata
O843,"Shelter,Food",64,"Supports 64 children in Shelter,Food",Bangalore
O844,Education,57,Supports 57 children in Education,Kolkata
O845,Health,21,Supports 21 children in Health,Delhi
O846,Food,84,Supports 84 children in Food,Chennai
O847,"Health,Shelter",62,"Supports 62 children in Health,Shelter",Mumbai
O848,"Health,Education",84,"Supports 84 children in Health,Education",Delhi
O849,"Food,Shelter",22,"Supports 22 children in Food,Shelter",Mumbai
O850,"Arts,Shelter",10,"Supports 10 children in Arts,Shelter",Bangalore
O851,Arts,57,Supports 57 children in Arts,Kolkata
O852,Shelter,5,Supports 5 children in Shelter,Delhi
O853,"Education,Food",26,"Supports 26 children in Education,Food",Kolkata
O854,"Food,Arts",69,"Supports 69 children in Food,Arts",Chennai
O855,Arts,88,Supports 88 children in Arts,Chennai
O856,Food,9,Supports 9 children in Food,Kolkata
O857,Food,40,Supports 40 children in Food,Bangalore
O858,Food,46,Supports 46 children in Food,Chennai
O859,"Food,Education",46,"Supports 46 children in Food,Education",Delhi
O860,Shelter,12,Supports 12 children in Shelter,Delhi
O861,"Education,Shelter",43,"Supports 43 children in Education,Shelter",Mumbai
O862,"Shelter,Arts",69,"Supports 69 children in Shelter,Arts",Bangalore
O863,"Food,Health",87,"Supports 87 children in Food,Health",Chennai
O864,"Health,Education",43,"Supports 43 children in Health,Education",Mumbai
O865,Education,10,Supports 10 children in Education,Bangalore
O866,Health,24,Supports 24 children in Health,Kolkata
O867,Arts,100,Supports 100 children in Arts,Bangalore
O868,Education,26,Supports 26 children in Education,Kolkata
O869,Health,93,Supports 93 children in Health,Bangalore
O870,"Food,Education",40,"Supports 40 children in Food,Education",Delhi
O871,"Education,Arts",95,"Supports 95 children in Education,Arts",Chennai
O872,Education,5,Supports 5 children in Education,Bangalore
O873,"Shelter,Education",20,"Supports 20 children in Shelter,Education",Bangalore
O874,"Health,Arts",52,"Supports 52 children in Health,Arts",Delhi
O875,Arts,58,Supports 58 children in Arts,Kolkata
O876,Food,18,Supports 18 children in Food,Delhi
O877,"Arts,Education",73,"Supports 73 children in Arts,Education",Mumbai
O878,Education,79,Supports 79 children in Education,Kolkata
O879,"Shelter,Education",80,"Supports 80 children in Shelter,Education",Bangalore
O880,"Arts,Education",62,"Supports 62 children in Arts,Education",Mumbai
O881,Food,14,Supports 14 children in Food,Mumbai
O882,"Shelter,Education",66,"Supports 66 children in Shelter,Education",Mumbai
O883,Arts,66,Supports 66 children in Arts,Kolkata
O884,Education,66,Supports 66 children in Education,Delhi
O885,"Arts,Shelter",35,"Supports 35 children in Arts,Shelter",Bangalore
O886,"Education,Food",7,"Supports 7 children in Education,Food",Chennai
O887,Education,34,Supports 34 children in Education,Bangalore
O888,Shelter,97,Supports 97 children in Shelter,Chennai
O889,Health,89,Supports 89 children in Health,Kolkata
O890,"Health,Shelter",12,"Supports 12 children in Health,Shelter",Delhi
O891,Shelter,68,Supports 68 children in Shelter,Kolkata
O892,"Arts,Health",52,"Supports 52 children in Arts,Health",Chennai
O893,"Health,Shelter",56,"Supports 56 children in Health,Shelter",Chennai
O894,"Education,Arts",50,"Supports 50 children in Education,Arts",Mumbai
O895,Education,25,Supports 25 children in Education,Kolkata
O896,Health,44,Supports 44 children in Health,Kolkata
O897,"Arts,Education",56,"Supports 56 children in Arts,Education",Kolkata
O898,Education,73,Supports 73 children in Education,Chennai
O899,"Arts,Education",20,"Supports 20 children in Arts,Education",Kolkata
O900,"Shelter,Education",42,"Supports 42 children in Shelter,Education",Bangalore
O901,"Education,Arts",65,"Supports 65 children in Education,Arts",Bangalore
O902,Food,24,Supports 24 children in Food,Bangalore
O903,Health,95,Supports 95 children in Health,Kolkata
O904,Education,78,Supports 78 children in Education,Chennai
O905,Arts,35,Supports 35 children in Arts,Mumbai
O906,"Education,Shelter",85,"Supports 85 children in Education,Shelter",Delhi
O907,"Health,Shelter",90,"Supports 90 children in Health,Shelter",Bangalore
O908,"Health,Food",76,"Supports 76 children in Health,Food",Bangalore
O909,Arts,34,Supports 34 children in Arts,Bangalore
O910,"Education,Health",44,"Supports 44 children in Education,Health",Kolkata
O911,"Arts,Education",89,"Supports 89 children in Arts,Education",Mumbai
O912,"Shelter,Arts",25,"Supports 25 children in Shelter,Arts",Chennai
O913,Health,76,Supports 76 children in Health,Chennai
O914,"Health,Arts",94,"Supports 94 children in Health,Arts",Chennai
O915,Health,15,Supports 15 children in Health,Kolkata
O916,"Food,Arts",58,"Supports 58 children in Food,Arts",Mumbai
O917,Food,37,Supports 37 children in Food,Kolkata
O918,"Food,Arts",13,"Supports 13 children in Food,Arts",Chennai
O919,Health,97,Supports 97 children in Health,Bangalore
O920,Health,15,Supports 15 children in Health,Chennai
O921,Shelter,44,Supports 44 children in Shelter,Delhi
O922,Food,61,Supports 61 children in Food,Bangalore
O923,Education,7,Supports 7 children in Education,Chennai
O924,"Shelter,Health",98,"Supports 98 children in Shelter,Health",Delhi
O925,Education,11,Supports 11 children in Education,Mumbai
O926,"Shelter,Arts",77,"Supports 77 children in Shelter,Arts",Kolkata
O927,"Education,Arts",23,"Supports 23 children in Education,Arts",Mumbai
O928,"Arts,Food",91,"Supports 91 children in Arts,Food",Mumbai
O929,"Education,Shelter",43,"Supports 43 children in Education,Shelter",Delhi
O930,"Education,Food",81,"Supports 81 children in Education,Food",Mumbai
O931,"Shelter,Food",69,"Supports 69 children in Shelter,Food",Mumbai
O932,"Shelter,Education",92,"Supports 92 children in Shelter,Education",Chennai
O933,Education,92,Supports 92 children in Education,Chennai
O934,Health,78,Supports 78 children in Health,Chennai
O935,"Health,Food",39,"Supports 39 children in Health,Food",Mumbai
O936,"Education,Health",99,"Supports 99 children in Education,Health",Mumbai
O937,Shelter,16,Supports 16 children in Shelter,Mumbai
O938,Arts,79,Supports 79 children in Arts,Kolkata
O939,Food,15,Supports 15 children in Food,Mumbai
O940,Food,23,Supports 23 children in Food,Delhi
O941,"Shelter,Food",100,"Supports 100 children in Shelter,Food",Chennai
O942,"Arts,Health",41,"Supports 41 children in Arts,Health",Kolkata
O943,Education,50,Supports 50 children in Education,Chennai
O944,"Food,Education",88,"Supports 88 children in Food,Education",Delhi
O945,Food,28,Supports 28 children in Food,Delhi
O946,Education,94,Supports 94 children in Education,Chennai
O947,Arts,45,Supports 45 children in Arts,Bangalore
O948,"Education,Arts",67,"Supports 67 children in Education,Arts",Kolkata
O949,"Arts,Education",12,"Supports 12 children in Arts,Education",Bangalore
O950,"Food,Arts",93,"Supports 93 children in Food,Arts",Bangalore
O951,"Food,Shelter",63,"Supports 63 children in Food,Shelter",Bangalore
O952,Shelter,10,Supports 10 children in Shelter,Kolkata
O953,Education,37,Supports 37 children in Education,Bangalore
O954,Arts,17,Supports 17 children in Arts,Bangalore
O955,Arts,74,Supports 74 children in Arts,Chennai
O956,Education,64,Supports 64 children in Education,Kolkata
O957,"Shelter,Arts",31,"Supports 31 children in Shelter,Arts",Delhi
O958,Health,88,Supports 88 children in Health,Delhi
O959,"Food,Shelter",65,"Supports 65 children in Food,Shelter",Delhi
O960,"Education,Food",93,"Supports 93 children in Education,Food",Kolkata
O961,Arts,30,Supports 30 children in Arts,Bangalore
O962,Shelter,59,Supports 59 children in Shelter,Chennai
O963,Food,40,Supports 40 children in Food,Mumbai
O964,"Shelter,Health",12,"Supports 12 children in Shelter,Health",Bangalore
O965,Food,32,Supports 32 children in Food,Delhi
O966,Health,80,Supports 80 children in Health,Kolkata
O967,"Education,Arts",63,"Supports 63 children in Education,Arts",Mumbai
O968,Food,44,Supports 44 children in Food,Delhi
O969,Food,46,Supports 46 children in Food,Mumbai
O970,Education,82,Supports 82 children in Education,Delhi
O971,Arts,76,Supports 76 children in Arts,Mumbai
O972,"Shelter,Health",8,"Supports 8 children in Shelter,Health",Delhi
O973,"Shelter,Education",66,"Supports 66 children in Shelter,Education",Bangalore
O974,"Education,Food",92,"Supports 92 children in Education,Food",Kolkata
O975,Health,38,Supports 38 children in Health,Kolkata
O976,"Health,Education",73,"Supports 73 children in Health,Education",Mumbai
O977,"Education,Food",83,"Supports 83 children in Education,Food",Chennai
O978,Food,61,Supports 61 children in Food,Delhi
O979,Arts,79,Supports 79 children in Arts,Kolkata
O980,Arts,95,Supports 95 children in Arts,Delhi
O981,"Food,Shelter",89,"Supports 89 children in Food,Shelter",Bangalore
O982,Education,55,Supports 55 children in Education,Chennai
O983,Health,30,Supports 30 children in Health,Delhi
O984,Arts,75,Supports 75 children in Arts,Delhi
O985,"Education,Shelter",6,"Supports 6 children in Education,Shelter",Mumbai
O986,"Shelter,Health",69,"Supports 69 children in Shelter,Health",Bangalore
O987,Arts,17,Supports 17 children in Arts,Chennai
O988,Health,83,Supports 83 children in Health,Kolkata
O989,Shelter,37,Supports 37 children in Shelter,Mumbai
O990,Education,23,Supports 23 children in Education,Bangalore
O991,Food,15,Supports 15 children in Food,Bangalore
O992,"Food,Arts",59,"Supports 59 children in Food,Arts",Chennai
O993,"Shelter,Education",16,"Supports 16 children in Shelter,Education",Delhi
O994,"Food,Shelter",59,"Supports 59 children in Food,Shelter",Chennai
O995,"Education,Arts",10,"Supports 10 children in Education,Arts",Kolkata
O996,"Health,Arts",45,"Supports 45 children in Health,Arts",Bangalore
O997,Shelter,37,Supports 37 children in Shelter,Chennai
O998,Arts,100,Supports 100 children in Arts,Chennai
O999,"Food,Arts",27,"Supports 27 children in Food,Arts",Chennai
O1000,Shelter,12,Supports 12 children in Shelter,Delhi
